id	first_name	last_name	email	gender	ip_address	updated_at
1	Tristan	Mackison	tmackison0@dropbox.com	Male	216.154.197.124	01/14/2023
2	Lisha	Pococke	lpococke1@zimbio.com	Agender	202.69.46.150	02/10/2023
3	Lynn	Deegan	ldeegan2@feedburner.com	Male	242.74.160.15	08/27/2022
4	Gerladina	MacCard	gmaccard3@techcrunch.com	Female	238.124.88.33	06/19/2022
5	Thatch	Geroldo	tgeroldo4@quantcast.com	Male	103.93.174.207	01/18/2023
6	Malcolm	Swaysland	mswaysland5@engadget.com	Male	72.84.38.142	11/03/2022
7	Cly	Danneil	cdanneil6@github.com	Male	89.211.121.163	08/09/2022
8	Pinchas	Mosco	pmosco7@ihg.com	Male	77.238.240.130	05/13/2023
9	Renell	Lishmund	rlishmund8@stanford.edu	Female	10.254.6.228	12/01/2022
10	Braden	Dregan	bdregan9@hp.com	Male	251.87.14.168	03/04/2023
11	Hesther	Dinan	hdinana@sitemeter.com	Female	250.219.144.91	11/10/2022
12	Skylar	Stoyle	sstoyleb@cmu.edu	Male	55.44.208.151	06/17/2022
13	Petey	Matuszyk	pmatuszykc@bandcamp.com	Male	85.46.45.117	07/12/2022
14	Ruthe	Strettle	rstrettled@furl.net	Female	6.222.50.124	06/11/2022
15	Serge	Trinke	strinkee@narod.ru	Male	161.57.44.143	08/13/2022
16	Mycah	Speere	mspeeref@mtv.com	Male	179.125.183.175	03/13/2023
17	Artemus	Soigoux	asoigouxg@wisc.edu	Male	33.134.144.53	01/23/2023
18	Bancroft	Schnieder	bschniederh@slashdot.org	Male	200.177.186.106	06/25/2022
19	Laurianne	Sille	lsillei@bravesites.com	Female	219.88.185.83	03/19/2023
20	Ozzie	O'Caherny	oocahernyj@4shared.com	Male	208.111.135.29	04/25/2023
21	Alf	Smither	asmitherk@umich.edu	Non-binary	25.99.205.78	06/19/2022
22	Dorene	Canham	dcanhaml@lycos.com	Female	107.145.98.239	08/01/2022
23	Kilian	Calam	kcalamm@europa.eu	Male	190.41.112.244	03/26/2023
24	Moore	Stoile	mstoilen@nature.com	Male	15.70.113.250	04/09/2023
25	Irvine	Sermin	isermino@virginia.edu	Male	59.60.207.41	08/03/2022
26	Roseanne	Boxill	rboxillp@soup.io	Female	50.34.65.187	08/24/2022
27	Jeannette	Hannaford	jhannafordq@meetup.com	Female	9.251.210.237	08/08/2022
28	Martguerita	Hurles	mhurlesr@prlog.org	Female	97.50.212.58	07/10/2022
29	Debbie	Tinwell	dtinwells@jiathis.com	Female	141.49.157.120	03/08/2023
30	Aylmer	Savin	asavint@businessinsider.com	Male	6.68.180.103	06/23/2022
31	Esdras	Asplen	easplenu@yale.edu	Male	53.254.9.126	04/23/2023
32	Giffer	Greenhill	ggreenhillv@ebay.co.uk	Male	11.161.205.212	10/12/2022
33	Madelon	Peffer	mpefferw@goo.gl	Female	11.232.55.88	01/02/2023
34	Willdon	Brittian	wbrittianx@intel.com	Male	237.244.5.253	10/30/2022
35	Eba	Thrustle	ethrustley@gov.uk	Female	199.19.234.109	03/06/2023
36	Bourke	Serchwell	bserchwellz@odnoklassniki.ru	Male	254.159.217.129	08/15/2022
37	Jilleen	Chaddock	jchaddock10@webmd.com	Agender	79.66.13.166	05/15/2023
38	Dennie	Andreutti	dandreutti11@sourceforge.net	Female	134.76.244.96	06/26/2022
39	Vale	Ligertwood	vligertwood12@meetup.com	Male	10.162.58.30	08/14/2022
40	Grover	Liverseege	gliverseege13@tripadvisor.com	Male	224.183.43.74	08/26/2022
41	Gabriella	Courtenay	gcourtenay14@telegraph.co.uk	Female	173.98.110.119	08/26/2022
42	Gena	Lingfoot	glingfoot15@census.gov	Female	23.164.42.8	11/08/2022
43	Rubetta	Goggin	rgoggin16@eventbrite.com	Female	34.181.233.96	12/06/2022
44	Francklyn	Cottom	fcottom17@istockphoto.com	Male	206.163.88.7	04/11/2023
45	Arlena	Farguhar	afarguhar18@com.com	Female	65.35.221.89	07/03/2022
46	Langston	Stook	lstook19@state.tx.us	Male	4.239.101.217	11/09/2022
47	Cece	Leppard	cleppard1a@biblegateway.com	Male	43.238.231.89	05/13/2023
48	Amy	Rawdall	arawdall1b@tmall.com	Female	208.240.31.193	05/04/2023
49	Theressa	O'Carran	tocarran1c@vk.com	Female	47.185.20.144	01/12/2023
50	Lorine	Orable	lorable1d@who.int	Female	160.98.16.201	11/06/2022
51	Whitaker	McHale	wmchale1e@sfgate.com	Male	65.29.176.34	11/06/2022
52	Clemmie	Ryan	cryan1f@smugmug.com	Genderfluid	211.36.33.206	02/05/2023
53	Rena	Nyles	rnyles1g@icio.us	Female	119.53.64.24	09/04/2022
54	Mandie	Dono	mdono1h@cornell.edu	Female	226.30.103.52	01/11/2023
55	Theodore	Murtimer	tmurtimer1i@google.ca	Male	67.19.62.161	10/30/2022
56	Rosetta	Howroyd	rhowroyd1j@harvard.edu	Female	150.154.108.55	03/28/2023
57	Gilbertine	Janssen	gjanssen1k@fotki.com	Female	229.170.62.7	04/19/2023
58	Amos	Kingsley	akingsley1l@accuweather.com	Male	153.248.213.76	04/21/2023
59	Currey	Nightingale	cnightingale1m@1688.com	Male	36.3.139.26	10/28/2022
60	Reeba	Gogarty	rgogarty1n@comcast.net	Female	152.154.74.194	09/17/2022
61	Doralin	OIlier	doilier1o@hhs.gov	Female	220.89.72.60	07/12/2022
62	Adelice	Fine	afine1p@bloomberg.com	Female	37.73.43.2	10/07/2022
63	Ethan	Saldler	esaldler1q@usatoday.com	Male	166.224.49.129	02/06/2023
64	Rafi	Prose	rprose1r@ebay.com	Male	110.202.219.85	05/21/2022
65	Waneta	Isac	wisac1s@baidu.com	Female	157.109.101.47	04/11/2023
66	Nady	Schaumaker	nschaumaker1t@soundcloud.com	Female	189.194.76.113	12/31/2022
67	Whit	Paulazzi	wpaulazzi1u@netvibes.com	Male	98.113.200.75	09/29/2022
68	Ariel	Draper	adraper1v@newyorker.com	Male	141.176.16.152	10/20/2022
69	Emelen	Popescu	epopescu1w@kickstarter.com	Male	130.77.115.205	02/15/2023
70	Meredithe	Shillington	mshillington1x@cocolog-nifty.com	Female	115.18.216.145	03/02/2023
71	Olympie	Kobpal	okobpal1y@ucsd.edu	Female	99.153.254.76	08/04/2022
72	Gwynne	Dossettor	gdossettor1z@elpais.com	Female	119.128.192.225	03/07/2023
73	Camile	Dumbelton	cdumbelton20@jugem.jp	Female	159.72.75.119	06/10/2022
74	Rebeca	Southan	rsouthan21@oakley.com	Female	98.53.30.154	03/21/2023
75	Atalanta	Griswood	agriswood22@tmall.com	Female	14.134.82.55	05/28/2022
76	Pascal	Climpson	pclimpson23@mac.com	Male	217.92.241.246	12/28/2022
77	Vern	Abramin	vabramin24@google.it	Male	57.218.174.108	04/12/2023
78	Imogene	Schwander	ischwander25@mtv.com	Female	46.104.75.26	06/08/2022
79	Giselle	Popov	gpopov26@google.it	Female	35.117.2.197	09/26/2022
80	Abagael	Truckell	atruckell27@va.gov	Female	51.35.199.154	09/29/2022
81	Angelique	Margery	amargery28@drupal.org	Female	213.89.2.45	01/24/2023
82	Didi	Bridgeland	dbridgeland29@sfgate.com	Female	251.69.96.190	10/28/2022
83	Marcie	Cropton	mcropton2a@census.gov	Female	86.210.159.47	01/07/2023
84	Dione	Smallwood	dsmallwood2b@census.gov	Female	60.124.244.203	06/10/2022
85	Caspar	Donald	cdonald2c@barnesandnoble.com	Male	225.132.53.132	12/21/2022
86	Cheryl	Clarricoates	cclarricoates2d@unc.edu	Female	131.137.210.1	11/09/2022
87	Christal	Renwick	crenwick2e@google.nl	Female	131.248.44.82	10/05/2022
88	Alida	Agar	aagar2f@latimes.com	Female	198.179.171.82	05/15/2023
89	Rafael	Bellin	rbellin2g@ft.com	Male	96.72.74.233	09/28/2022
90	Hobey	Antrum	hantrum2h@un.org	Male	238.173.27.70	06/13/2022
91	Gaylord	Gideon	ggideon2i@time.com	Male	175.198.232.141	03/13/2023
92	Afton	Rose	arose2j@360.cn	Female	244.147.156.177	07/11/2022
93	Clint	Sleney	csleney2k@hao123.com	Male	228.213.77.154	04/07/2023
94	Aldo	Bagshawe	abagshawe2l@rediff.com	Male	9.30.44.235	08/23/2022
95	Dewey	Hellmer	dhellmer2m@ftc.gov	Male	49.175.38.221	07/08/2022
96	Stevie	Malster	smalster2n@chron.com	Male	1.146.238.219	03/01/2023
97	Fin	Soame	fsoame2o@yelp.com	Male	188.235.72.53	05/16/2022
98	Cleve	Degenhardt	cdegenhardt2p@ebay.co.uk	Male	230.163.141.243	11/14/2022
99	Meryl	Shurman	mshurman2q@aol.com	Male	28.137.219.248	01/17/2023
100	Ailsun	Tatem	atatem2r@theguardian.com	Female	78.186.49.121	08/23/2022
101	Row	Woolf	rwoolf2s@geocities.jp	Female	202.7.143.99	11/19/2022
102	Amandi	Banasik	abanasik2t@nasa.gov	Female	66.73.179.39	06/16/2022
103	Artie	Durbin	adurbin2u@blinklist.com	Non-binary	164.214.117.148	07/11/2022
104	Daryl	Gozney	dgozney2v@domainmarket.com	Male	65.196.77.213	10/05/2022
105	Carleton	Melladew	cmelladew2w@alexa.com	Male	27.104.121.93	03/05/2023
106	Kearney	Mechan	kmechan2x@indiatimes.com	Male	202.219.84.235	11/05/2022
107	Garth	Nicklen	gnicklen2y@spotify.com	Male	225.249.232.11	08/03/2022
108	Nestor	Dufaur	ndufaur2z@statcounter.com	Male	72.129.93.26	08/29/2022
109	Link	Mulqueeny	lmulqueeny30@marketwatch.com	Male	36.71.39.95	08/15/2022
110	Mavis	Mulleary	mmulleary31@geocities.com	Female	255.20.187.179	02/10/2023
111	Tiffi	Eliassen	teliassen32@tinypic.com	Female	157.4.149.17	08/19/2022
112	Gallagher	Cloonan	gcloonan33@rakuten.co.jp	Male	107.102.208.2	06/05/2022
113	Kendell	Slinn	kslinn34@aboutads.info	Male	155.24.143.242	04/29/2023
114	Jeremie	Wickes	jwickes35@rambler.ru	Male	53.130.195.194	03/09/2023
115	Steffane	Cool	scool36@fda.gov	Female	182.234.119.26	04/02/2023
116	Alexandrina	Pirri	apirri37@acquirethisname.com	Female	157.79.130.211	10/25/2022
117	Reider	Ianno	rianno38@usatoday.com	Male	30.42.124.148	03/08/2023
118	Dierdre	Soall	dsoall39@naver.com	Female	39.152.221.18	05/25/2022
119	Sigfried	Allcorn	sallcorn3a@istockphoto.com	Male	137.147.244.179	08/04/2022
120	Sabra	Loney	sloney3b@berkeley.edu	Female	106.100.191.238	10/18/2022
121	Valentijn	Webermann	vwebermann3c@smh.com.au	Male	222.85.213.38	02/28/2023
122	Fanya	Lawlie	flawlie3d@weather.com	Female	167.145.246.101	05/05/2023
123	Michael	Letchmore	mletchmore3e@networksolutions.com	Male	161.138.173.111	01/11/2023
124	Cyndy	McCutheon	cmccutheon3f@bloomberg.com	Female	224.213.98.155	04/05/2023
125	Kale	Castle	kcastle3g@netvibes.com	Male	147.89.201.73	08/06/2022
126	Elsa	Piercy	epiercy3h@chronoengine.com	Female	131.147.16.40	10/08/2022
127	Raquela	Sighard	rsighard3i@nationalgeographic.com	Female	22.110.75.83	06/20/2022
128	Aubree	Algar	aalgar3j@plala.or.jp	Female	187.214.116.126	03/24/2023
129	Harry	De Mitri	hdemitri3k@bandcamp.com	Male	100.167.238.60	04/16/2023
130	Cesya	Ashleigh	cashleigh3l@cargocollective.com	Female	111.52.134.22	03/07/2023
131	Daile	Khrishtafovich	dkhrishtafovich3m@merriam-webster.com	Female	61.242.242.89	06/24/2022
132	Paulie	Van der Kruijs	pvanderkruijs3n@is.gd	Male	201.104.145.29	11/22/2022
133	Averell	Mowbray	amowbray3o@youtu.be	Male	176.134.40.219	03/04/2023
134	Klement	Parsand	kparsand3p@imgur.com	Male	75.226.57.133	11/10/2022
135	Silvana	Bakesef	sbakesef3q@printfriendly.com	Female	93.154.162.29	09/02/2022
136	Korey	Burndred	kburndred3r@skyrock.com	Male	119.112.163.164	05/17/2022
137	Harwilll	Feak	hfeak3s@pen.io	Male	183.99.167.58	06/11/2022
138	Benedicta	Dannel	bdannel3t@yolasite.com	Female	65.157.180.149	05/02/2023
139	Corie	Haldon	chaldon3u@trellian.com	Polygender	41.10.164.160	04/16/2023
140	Raymund	Maccree	rmaccree3v@deviantart.com	Male	69.219.10.105	01/16/2023
141	Joelynn	Tacker	jtacker3w@github.io	Female	11.140.47.251	06/15/2022
142	Chuck	Dirkin	cdirkin3x@squidoo.com	Male	159.111.12.190	04/20/2023
143	Ruthann	Rosberg	rrosberg3y@state.tx.us	Female	19.229.210.128	01/03/2023
144	Bobbee	Grivori	bgrivori3z@buzzfeed.com	Female	84.176.63.229	12/26/2022
145	Chrisy	Stoddart	cstoddart40@cbslocal.com	Male	177.141.209.81	09/21/2022
146	Peyton	Watters	pwatters41@yelp.com	Genderqueer	34.102.74.234	08/09/2022
147	Shandeigh	Addeycott	saddeycott42@spotify.com	Female	25.100.119.47	02/15/2023
148	Reagen	Shatliff	rshatliff43@amazonaws.com	Male	143.200.8.223	08/18/2022
149	Ches	Ruckledge	cruckledge44@ow.ly	Male	44.146.97.223	06/11/2022
150	Kinsley	Skures	kskures45@blogspot.com	Male	105.100.191.35	03/20/2023
151	Gawen	Gaddas	ggaddas46@homestead.com	Male	120.140.130.17	06/19/2022
152	Corbett	Franzel	cfranzel47@plala.or.jp	Male	42.150.30.10	09/29/2022
153	Brade	Safhill	bsafhill48@com.com	Male	188.247.227.48	03/01/2023
154	Teena	Icke	ticke49@example.com	Female	28.64.171.165	10/09/2022
155	Kalila	Whatham	kwhatham4a@wisc.edu	Polygender	80.53.64.65	01/10/2023
156	Vivi	Caris	vcaris4b@quantcast.com	Agender	18.192.156.208	01/25/2023
157	Romona	Gisbey	rgisbey4c@twitter.com	Female	99.200.53.215	06/24/2022
158	Deeyn	Osan	dosan4d@wunderground.com	Genderfluid	177.165.162.151	06/18/2022
159	Pierrette	Fairham	pfairham4e@furl.net	Female	153.169.246.193	03/28/2023
160	Flor	Oloshin	foloshin4f@washingtonpost.com	Female	209.254.38.139	06/06/2022
161	Randie	Craydon	rcraydon4g@google.cn	Male	190.237.121.127	03/30/2023
162	Cly	Klimkovich	cklimkovich4h@wikipedia.org	Male	146.22.94.214	01/29/2023
163	Janek	Jerdein	jjerdein4i@barnesandnoble.com	Male	119.205.247.6	12/14/2022
164	Lorilyn	Wanley	lwanley4j@weather.com	Female	142.246.109.58	03/11/2023
165	Dill	Habbema	dhabbema4k@theglobeandmail.com	Male	80.53.60.79	03/14/2023
166	Ade	Ferreira	aferreira4l@goodreads.com	Male	55.41.10.3	12/05/2022
167	Nicolais	Flockhart	nflockhart4m@hibu.com	Male	9.80.249.118	11/02/2022
168	Sheeree	Kipling	skipling4n@theglobeandmail.com	Female	29.135.146.250	05/10/2023
169	Murvyn	Alfonsetto	malfonsetto4o@google.cn	Male	14.58.38.196	12/29/2022
170	Georgiana	Orsi	gorsi4p@myspace.com	Female	175.244.21.175	06/23/2022
171	Taylor	Alenshev	talenshev4q@weather.com	Male	135.80.9.6	09/19/2022
172	Wilt	Bruckmann	wbruckmann4r@nih.gov	Male	254.51.104.75	06/06/2022
173	Suzi	Jewis	sjewis4s@japanpost.jp	Female	195.166.195.20	06/11/2022
174	Delcine	Conti	dconti4t@soup.io	Female	76.14.9.38	03/03/2023
175	Iggie	Dossetter	idossetter4u@ihg.com	Non-binary	237.100.150.182	08/14/2022
176	Brocky	Landis	blandis4v@blog.com	Male	184.130.241.94	07/05/2022
177	Maurizio	Tortoise	mtortoise4w@umn.edu	Male	33.224.46.205	07/24/2022
178	Mal	Cicchelli	mcicchelli4x@live.com	Male	166.67.112.147	11/01/2022
179	Octavius	Brunsden	obrunsden4y@ning.com	Male	175.174.126.227	08/19/2022
180	Dierdre	Dumbrall	ddumbrall4z@weibo.com	Female	58.17.226.82	03/11/2023
181	Tarrah	Mc Pake	tmcpake50@hp.com	Female	247.0.94.61	11/21/2022
182	Kary	Ferney	kferney51@imdb.com	Female	231.68.170.110	02/14/2023
183	Dinnie	Younie	dyounie52@istockphoto.com	Female	105.253.72.157	03/08/2023
184	Janka	Dundendale	jdundendale53@tripod.com	Female	112.202.225.4	10/29/2022
185	Johnette	Catchpole	jcatchpole54@slashdot.org	Female	252.230.244.104	05/01/2023
186	Johna	Colbourne	jcolbourne55@auda.org.au	Female	87.112.192.161	04/18/2023
187	Roberto	Lembrick	rlembrick56@google.fr	Male	186.65.19.185	02/02/2023
188	Onfre	Aleshkov	oaleshkov57@admin.ch	Genderqueer	219.147.196.155	11/13/2022
189	Clarisse	Gobel	cgobel58@list-manage.com	Female	245.54.129.87	01/26/2023
190	Violetta	Malimoe	vmalimoe59@usnews.com	Female	165.232.68.169	06/06/2022
191	Dorelle	Ribchester	dribchester5a@cbsnews.com	Female	33.29.23.75	12/08/2022
192	Nataniel	Harman	nharman5b@zdnet.com	Male	229.145.126.135	07/22/2022
193	Shell	Northcote	snorthcote5c@china.com.cn	Male	126.37.125.65	07/04/2022
194	Patton	Thatcher	pthatcher5d@who.int	Male	65.61.11.151	05/09/2023
195	Scarlet	Erbe	serbe5e@ucoz.com	Female	183.115.42.201	05/21/2022
196	Doralia	Tomasi	dtomasi5f@123-reg.co.uk	Female	173.87.163.22	12/17/2022
197	Gian	Hanny	ghanny5g@yahoo.co.jp	Male	194.62.141.15	04/16/2023
198	Vanna	Hannaway	vhannaway5h@xing.com	Female	86.255.180.97	07/09/2022
199	Linea	Byram	lbyram5i@weebly.com	Female	72.224.20.210	04/03/2023
200	Adelbert	Matzen	amatzen5j@mapquest.com	Male	205.188.178.110	01/04/2023
201	Bella	Dorot	bdorot5k@weibo.com	Female	8.244.189.160	07/17/2022
202	Marrissa	Ockenden	mockenden5l@behance.net	Female	237.11.17.203	06/24/2022
203	Katine	Cowden	kcowden5m@t.co	Female	29.20.164.32	10/20/2022
204	Renae	Varey	rvarey5n@theguardian.com	Female	160.136.118.14	04/09/2023
205	Diarmid	Ashby	dashby5o@cdc.gov	Male	130.102.204.146	04/23/2023
206	Estel	Hastwell	ehastwell5p@mlb.com	Female	190.68.8.86	03/16/2023
207	Shaylah	Stroobant	sstroobant5q@cmu.edu	Female	11.57.189.119	01/01/2023
208	Ramonda	Scowen	rscowen5r@tripod.com	Female	29.32.179.59	04/12/2023
209	Ravid	Bresman	rbresman5s@netvibes.com	Male	219.56.138.4	09/17/2022
210	Arlie	Laydon	alaydon5t@ebay.com	Female	247.12.241.202	11/17/2022
211	Humbert	Clousley	hclousley5u@constantcontact.com	Male	40.163.193.11	03/11/2023
212	Mirella	Ellyatt	mellyatt5v@yahoo.co.jp	Female	89.19.244.239	10/07/2022
213	Adele	Sheer	asheer5w@google.ru	Female	235.48.148.198	12/19/2022
214	Davie	Hayler	dhayler5x@trellian.com	Male	225.191.101.180	08/30/2022
215	Lonnie	Kinforth	lkinforth5y@harvard.edu	Female	202.224.239.30	10/18/2022
216	Elise	Chatelot	echatelot5z@parallels.com	Female	214.125.103.122	06/20/2022
217	Dolores	Borrel	dborrel60@cpanel.net	Genderfluid	137.53.30.6	04/14/2023
218	Tam	Burcher	tburcher61@gravatar.com	Male	135.32.171.86	08/01/2022
219	Bartolomeo	Scotford	bscotford62@lulu.com	Male	246.20.62.158	04/27/2023
220	Lynelle	Hehl	lhehl63@answers.com	Female	169.65.29.201	03/24/2023
221	Wernher	Marcome	wmarcome64@so-net.ne.jp	Male	77.57.110.175	04/27/2023
222	Boyd	Delagua	bdelagua65@meetup.com	Male	58.200.52.7	12/08/2022
223	Maximo	Crothers	mcrothers66@quantcast.com	Male	8.230.38.77	09/08/2022
224	Gusty	Lodwick	glodwick67@alibaba.com	Female	232.214.139.10	09/22/2022
225	Saunder	Mapp	smapp68@shutterfly.com	Male	95.21.45.122	07/02/2022
226	Kenneth	Benasik	kbenasik69@istockphoto.com	Male	255.39.71.18	06/30/2022
227	Shay	Rojel	srojel6a@booking.com	Male	185.212.162.218	07/06/2022
228	Ansley	Morrissey	amorrissey6b@accuweather.com	Female	100.208.21.81	10/20/2022
229	Lay	Denys	ldenys6c@salon.com	Male	113.229.74.228	07/21/2022
230	Celesta	Rolfi	crolfi6d@prnewswire.com	Female	236.99.101.161	02/20/2023
231	Cherida	Dowman	cdowman6e@ted.com	Female	157.190.60.158	09/08/2022
232	Beryle	Selvester	bselvester6f@toplist.cz	Female	29.81.86.188	05/11/2023
233	Veronike	Gotfrey	vgotfrey6g@sakura.ne.jp	Female	78.140.195.91	03/07/2023
234	Spencer	Maris	smaris6h@fema.gov	Non-binary	135.48.119.98	08/06/2022
235	Brande	Cartin	bcartin6i@boston.com	Genderqueer	49.169.57.69	08/14/2022
236	Keslie	Colenutt	kcolenutt6j@cmu.edu	Female	74.188.214.128	05/31/2022
237	Caron	Findlow	cfindlow6k@cargocollective.com	Female	81.11.145.231	03/10/2023
238	Vanda	Strong	vstrong6l@nationalgeographic.com	Female	40.217.214.164	01/30/2023
239	Katha	Bielfeldt	kbielfeldt6m@forbes.com	Agender	228.184.221.109	07/25/2022
240	Giselbert	Burbank	gburbank6n@surveymonkey.com	Male	10.58.35.243	03/02/2023
241	Rahel	Nyles	rnyles6o@tamu.edu	Female	28.21.209.176	09/24/2022
242	Donna	Walisiak	dwalisiak6p@geocities.jp	Genderfluid	26.30.178.163	08/20/2022
243	Olympe	Hartell	ohartell6q@hibu.com	Female	111.166.124.15	11/12/2022
244	Augie	Tomaini	atomaini6r@vk.com	Male	189.105.80.100	01/26/2023
245	Darb	Daville	ddaville6s@amazon.co.jp	Male	142.206.49.146	10/14/2022
246	Giusto	Flower	gflower6t@symantec.com	Male	198.57.87.87	09/22/2022
247	Isabel	Brood	ibrood6u@php.net	Female	213.52.102.148	07/08/2022
248	Pepito	Suthren	psuthren6v@joomla.org	Male	24.69.149.149	06/23/2022
249	Eleni	Chaperling	echaperling6w@xinhuanet.com	Female	162.155.105.109	09/30/2022
250	Emilio	Corr	ecorr6x@nba.com	Male	90.244.155.169	12/01/2022
251	Jaquenetta	Cropper	jcropper6y@wordpress.org	Genderfluid	130.195.63.109	07/13/2022
252	Elliot	Izchaki	eizchaki6z@usgs.gov	Male	209.119.4.122	10/08/2022
253	Parry	Sisland	psisland70@newyorker.com	Male	147.108.98.142	11/11/2022
254	Germain	Gallardo	ggallardo71@github.io	Female	83.114.74.8	11/16/2022
255	Alena	Gibbieson	agibbieson72@abc.net.au	Female	156.26.108.113	08/03/2022
256	Mendy	Oliphand	moliphand73@engadget.com	Male	118.159.146.122	05/15/2023
257	Jayne	Klewer	jklewer74@uol.com.br	Female	132.124.9.247	12/17/2022
258	Leann	Payn	lpayn75@economist.com	Female	170.160.4.95	05/08/2023
259	Clementius	Livard	clivard76@ovh.net	Male	184.15.109.241	06/23/2022
260	Mandie	Theyer	mtheyer77@bandcamp.com	Female	13.254.106.242	06/04/2022
261	Vivianne	Peerman	vpeerman78@usatoday.com	Female	217.11.254.134	03/30/2023
262	Babara	Scutt	bscutt79@so-net.ne.jp	Female	73.118.29.78	06/10/2022
263	Zared	O' Shea	zoshea7a@php.net	Male	19.166.186.66	10/09/2022
264	Christophorus	Kennady	ckennady7b@yellowbook.com	Male	214.193.179.28	09/25/2022
265	Marcos	Cudmore	mcudmore7c@taobao.com	Male	8.132.248.222	07/07/2022
266	Kandace	Doblin	kdoblin7d@hibu.com	Female	74.84.94.90	11/22/2022
267	Nonnah	Mullinder	nmullinder7e@blogger.com	Female	231.141.79.172	05/10/2023
268	Heinrick	Stonnell	hstonnell7f@mail.ru	Male	210.22.216.190	11/11/2022
269	Edythe	Curl	ecurl7g@washington.edu	Female	139.100.0.190	06/03/2022
270	Jarret	Barlas	jbarlas7h@bloomberg.com	Male	249.85.139.132	09/22/2022
271	Carrol	Zavittieri	czavittieri7i@webeden.co.uk	Male	152.73.83.94	11/28/2022
272	Jae	Spurett	jspurett7j@sciencedaily.com	Male	70.190.81.236	01/08/2023
273	Homere	Cardoso	hcardoso7k@fda.gov	Agender	143.174.237.128	06/30/2022
274	Hyacinthe	Sygroves	hsygroves7l@taobao.com	Female	142.219.143.34	05/27/2022
275	Bendick	Kernoghan	bkernoghan7m@huffingtonpost.com	Male	230.92.147.46	12/01/2022
276	Rhoda	Muzzall	rmuzzall7n@bloglines.com	Female	12.195.35.98	08/07/2022
277	Torry	Splevins	tsplevins7o@myspace.com	Male	79.186.210.200	04/12/2023
278	Winifred	Stuttman	wstuttman7p@mediafire.com	Female	66.226.204.253	03/22/2023
279	Adria	Houchin	ahouchin7q@ovh.net	Polygender	164.201.159.60	02/16/2023
280	Alvinia	Denley	adenley7r@usatoday.com	Female	237.113.248.69	07/20/2022
281	Tisha	Woodham	twoodham7s@omniture.com	Female	35.231.233.251	05/06/2023
282	Gabbey	Danks	gdanks7t@economist.com	Female	13.61.180.215	02/20/2023
283	Antonetta	Laurens	alaurens7u@ocn.ne.jp	Female	248.46.28.181	05/25/2022
284	Gerda	Weeds	gweeds7v@washington.edu	Female	215.232.135.22	09/07/2022
285	Miriam	Maseyk	mmaseyk7w@tumblr.com	Female	226.93.114.243	08/15/2022
286	Lacey	Polly	lpolly7x@macromedia.com	Female	208.78.36.67	04/18/2023
287	Broddie	McGeachey	bmcgeachey7y@discovery.com	Male	86.49.64.153	01/17/2023
288	Katrinka	Bediss	kbediss7z@1und1.de	Female	245.232.65.45	11/05/2022
289	Toddy	Kmietsch	tkmietsch80@google.com	Male	81.109.80.25	02/07/2023
290	Barbi	Kyberd	bkyberd81@biglobe.ne.jp	Female	159.20.209.168	09/23/2022
291	Jerrold	Donnison	jdonnison82@ycombinator.com	Male	90.215.91.176	12/19/2022
292	Ginger	Kollach	gkollach83@sciencedirect.com	Non-binary	60.205.64.215	04/01/2023
293	Nanine	Mustin	nmustin84@chicagotribune.com	Female	148.249.136.36	07/02/2022
294	Boyce	Blanc	bblanc85@youtu.be	Male	171.211.101.143	08/29/2022
295	Robin	Sharram	rsharram86@wsj.com	Male	69.48.50.152	01/05/2023
296	Phebe	Sheldon	psheldon87@xing.com	Female	97.151.44.175	05/10/2023
297	Breanne	Witton	bwitton88@prlog.org	Polygender	107.1.237.158	09/11/2022
298	Taryn	Bickford	tbickford89@mapquest.com	Female	57.185.217.50	03/20/2023
299	Zebedee	Tidder	ztidder8a@quantcast.com	Non-binary	217.89.60.152	06/30/2022
300	Leta	Tumilty	ltumilty8b@about.com	Female	17.166.222.229	06/20/2022
301	Ketti	Rowell	krowell8c@printfriendly.com	Female	142.134.91.77	12/28/2022
302	Ailyn	Snow	asnow8d@prlog.org	Female	154.147.125.177	04/06/2023
303	Jessamyn	Roddick	jroddick8e@springer.com	Female	189.159.139.108	10/03/2022
304	Olive	Pygott	opygott8f@fc2.com	Female	225.195.190.196	03/03/2023
305	Wittie	Grandin	wgrandin8g@reference.com	Male	234.219.231.191	10/19/2022
306	Em	Furman	efurman8h@va.gov	Non-binary	73.172.28.37	01/15/2023
307	Miran	Sissons	msissons8i@spiegel.de	Female	134.241.242.190	11/08/2022
308	Patty	Sammes	psammes8j@kickstarter.com	Female	81.39.136.126	08/15/2022
309	Emelen	Lutman	elutman8k@mapy.cz	Polygender	40.127.62.187	10/04/2022
310	Greta	Fancourt	gfancourt8l@shareasale.com	Female	41.94.204.224	04/26/2023
311	Gisela	Simonato	gsimonato8m@stumbleupon.com	Female	232.223.170.112	12/03/2022
312	Phelia	Halwood	phalwood8n@msu.edu	Female	1.148.117.221	03/29/2023
313	Valina	Mingame	vmingame8o@51.la	Female	63.187.150.248	06/16/2022
314	Boone	Oakeby	boakeby8p@cmu.edu	Male	174.223.15.92	10/04/2022
315	Burnard	Blick	bblick8q@imgur.com	Polygender	93.158.120.138	04/06/2023
316	Tessie	Balle	tballe8r@netvibes.com	Female	170.37.197.113	05/28/2022
317	Brunhilde	Crookes	bcrookes8s@goo.gl	Female	193.208.95.244	04/08/2023
318	Edlin	Jessope	ejessope8t@soundcloud.com	Male	105.22.185.40	01/28/2023
319	Garth	Carslake	gcarslake8u@bbb.org	Agender	96.208.181.93	10/11/2022
320	Winifred	Cowser	wcowser8v@blogtalkradio.com	Female	180.78.104.144	04/13/2023
321	Chandler	Softley	csoftley8w@miibeian.gov.cn	Polygender	16.222.143.101	08/30/2022
322	Winfield	Aveline	waveline8x@privacy.gov.au	Male	87.31.158.191	06/06/2022
323	Jeannette	Kelleway	jkelleway8y@dell.com	Female	214.204.130.186	05/31/2022
324	Frasier	Gouldstraw	fgouldstraw8z@biglobe.ne.jp	Male	9.126.31.13	02/08/2023
325	Ethelred	Cockton	ecockton90@xing.com	Male	110.253.205.161	10/17/2022
326	Nanette	Bruno	nbruno91@washingtonpost.com	Female	158.252.255.99	04/28/2023
327	Lindon	Mussotti	lmussotti92@sogou.com	Male	193.224.249.92	04/14/2023
328	Lyndell	Bourtoumieux	lbourtoumieux93@ow.ly	Female	92.140.200.24	06/13/2022
329	Pierre	Bausor	pbausor94@g.co	Male	187.91.104.26	11/23/2022
330	Con	Letford	cletford95@noaa.gov	Male	66.93.247.230	10/25/2022
331	Nanny	Bockings	nbockings96@symantec.com	Female	135.25.173.205	08/20/2022
332	Nat	Scholtis	nscholtis97@blinklist.com	Male	4.164.184.166	05/28/2022
333	Maddie	Malan	mmalan98@stanford.edu	Male	220.237.114.36	07/02/2022
334	Tully	Gillies	tgillies99@163.com	Male	224.180.42.113	10/01/2022
335	Amery	Seed	aseed9a@slashdot.org	Agender	65.22.150.24	07/24/2022
336	Ramsey	Voules	rvoules9b@oracle.com	Male	231.186.244.91	03/17/2023
337	Aguie	Pountney	apountney9c@hexun.com	Genderqueer	148.70.220.77	07/02/2022
338	Ramsay	Ackhurst	rackhurst9d@boston.com	Male	205.154.96.74	09/26/2022
339	Cristine	Abilowitz	cabilowitz9e@mtv.com	Female	204.103.201.51	11/02/2022
340	Stanfield	Cornbill	scornbill9f@blinklist.com	Male	98.163.222.16	09/22/2022
341	Andris	Tatters	atatters9g@chron.com	Male	173.195.198.180	10/02/2022
342	Bud	Blabber	bblabber9h@pen.io	Male	79.117.84.195	12/18/2022
343	Emelita	MacCoveney	emaccoveney9i@dot.gov	Female	197.136.71.226	07/24/2022
344	Codee	Murricanes	cmurricanes9j@sakura.ne.jp	Female	107.211.236.67	03/14/2023
345	Kellby	Jehaes	kjehaes9k@nhs.uk	Male	171.27.152.147	03/08/2023
346	Othilia	Schuler	oschuler9l@un.org	Female	231.44.173.57	01/07/2023
347	Julianne	Sidebotham	jsidebotham9m@alexa.com	Agender	190.59.177.67	07/23/2022
348	Nerti	Lindhe	nlindhe9n@is.gd	Female	147.127.1.233	05/03/2023
349	Gracia	Ondra	gondra9o@eventbrite.com	Female	252.111.91.198	05/03/2023
350	Dene	Hanscombe	dhanscombe9p@wikimedia.org	Male	246.105.33.173	06/01/2022
351	Raven	Wombwell	rwombwell9q@wunderground.com	Female	174.156.140.159	07/25/2022
352	Yale	Andreix	yandreix9r@merriam-webster.com	Male	171.42.4.108	01/05/2023
353	Karena	Jagielski	kjagielski9s@squidoo.com	Female	139.35.171.39	06/15/2022
354	Earlie	Leak	eleak9t@ezinearticles.com	Male	150.172.54.45	05/09/2023
355	Maribeth	Bakeup	mbakeup9u@blogger.com	Genderqueer	90.106.28.123	07/24/2022
356	Farlee	Spurgeon	fspurgeon9v@cloudflare.com	Male	128.112.27.185	01/22/2023
357	Grazia	Van Niekerk	gvanniekerk9w@icq.com	Female	82.4.185.95	04/09/2023
358	Dimitri	Liversedge	dliversedge9x@trellian.com	Male	255.100.51.74	11/14/2022
359	Hinze	Bear	hbear9y@skype.com	Genderqueer	75.28.127.85	04/12/2023
360	Fancy	McGuff	fmcguff9z@ebay.co.uk	Female	100.153.131.35	02/26/2023
361	Alistair	Crookall	acrookalla0@sogou.com	Genderfluid	114.44.102.94	01/10/2023
362	Abigael	Slobom	asloboma1@studiopress.com	Polygender	17.96.147.118	09/16/2022
363	Dylan	Yannoni	dyannonia2@time.com	Male	142.180.217.203	06/29/2022
364	Griselda	Blencoe	gblencoea3@nhs.uk	Female	7.188.214.176	02/09/2023
365	Douglass	Bettley	dbettleya4@umn.edu	Male	53.255.133.27	07/24/2022
366	Bryan	Korejs	bkorejsa5@bigcartel.com	Male	180.80.109.112	05/31/2022
367	Bendicty	Georgiades	bgeorgiadesa6@chronoengine.com	Male	26.69.66.101	05/31/2022
368	Artus	Hayland	ahaylanda7@businessinsider.com	Male	198.84.41.100	08/04/2022
369	Tore	Mattioni	tmattionia8@mediafire.com	Male	68.49.67.114	10/11/2022
370	Ardella	Schwier	aschwiera9@etsy.com	Female	17.135.35.8	02/11/2023
371	Brear	Pallent	bpallentaa@bluehost.com	Female	134.28.244.213	12/25/2022
372	Dieter	Sidon	dsidonab@state.tx.us	Male	205.247.83.68	12/26/2022
373	Tarah	Mallan	tmallanac@quantcast.com	Female	211.167.13.105	08/11/2022
374	Julian	Le Houx	jlehouxad@naver.com	Male	89.220.148.228	08/17/2022
375	Lizzy	Dannatt	ldannattae@webmd.com	Female	108.7.170.138	03/01/2023
376	Faustina	Basford	fbasfordaf@pcworld.com	Female	242.40.204.16	12/28/2022
377	Boy	O'Leary	bolearyag@wufoo.com	Male	125.83.246.23	08/03/2022
378	West	Cluelow	wcluelowah@va.gov	Male	69.173.221.135	04/03/2023
379	Dean	Kimmitt	dkimmittai@cdc.gov	Male	102.48.63.56	11/06/2022
380	Whitaker	Esom	wesomaj@storify.com	Male	244.136.186.228	04/29/2023
381	Blinni	Hellikes	bhellikesak@histats.com	Female	227.134.31.25	12/05/2022
382	Daphna	Dumberell	ddumberellal@linkedin.com	Female	243.86.169.83	04/29/2023
383	Dalia	Angrick	dangrickam@sciencedirect.com	Female	209.102.250.95	06/08/2022
384	Worth	Fransewich	wfransewichan@ning.com	Male	141.148.21.154	03/02/2023
385	Luce	Ferrari	lferrariao@mac.com	Male	68.64.67.95	01/10/2023
386	Andria	Lambal	alambalap@biglobe.ne.jp	Female	79.56.4.85	05/01/2023
387	Gavan	L' Anglois	glangloisaq@webmd.com	Male	216.65.40.47	06/12/2022
388	Emmet	John	ejohnar@buzzfeed.com	Male	161.29.200.18	01/04/2023
389	Chrissy	Garatty	cgarattyas@sfgate.com	Female	125.102.94.216	08/24/2022
390	Ashla	Worthing	aworthingat@dot.gov	Female	188.24.4.25	02/17/2023
391	Zebulon	Garron	zgarronau@independent.co.uk	Male	109.33.188.14	05/28/2022
392	Flor	Spragg	fspraggav@ft.com	Female	84.78.49.217	09/13/2022
393	Charmain	Muffin	cmuffinaw@biglobe.ne.jp	Female	57.93.207.112	08/13/2022
394	Lovell	Revey	lreveyax@4shared.com	Male	202.32.175.174	08/08/2022
395	Alon	Wressell	awressellay@topsy.com	Male	127.146.245.114	05/05/2023
396	Sharron	Varey	svareyaz@ycombinator.com	Female	111.163.180.50	11/10/2022
397	Dennie	O'Farris	dofarrisb0@google.co.uk	Female	27.174.165.218	07/20/2022
398	Brad	Jarret	bjarretb1@weibo.com	Male	162.67.169.12	09/20/2022
399	Claybourne	Chanter	cchanterb2@istockphoto.com	Male	151.174.40.147	08/22/2022
400	Tonie	Wallice	twalliceb3@ca.gov	Female	235.253.195.33	04/08/2023
401	Cornell	Maestro	cmaestrob4@arizona.edu	Male	186.102.185.181	03/16/2023
402	Lyndell	Brearty	lbreartyb5@live.com	Bigender	205.142.92.111	02/22/2023
403	Lauretta	Click	lclickb6@guardian.co.uk	Female	57.154.239.250	05/10/2023
404	Jude	Graalman	jgraalmanb7@thetimes.co.uk	Male	139.75.142.113	04/21/2023
405	Jessalyn	Penberthy	jpenberthyb8@csmonitor.com	Female	18.238.82.78	04/15/2023
406	Johnna	Crockford	jcrockfordb9@instagram.com	Female	183.171.40.108	07/18/2022
407	Bartolemo	Mottershaw	bmottershawba@baidu.com	Male	107.240.37.136	08/31/2022
408	Rafaela	Vasilov	rvasilovbb@nhs.uk	Female	148.198.176.7	11/29/2022
409	Ethelind	McCalister	emccalisterbc@berkeley.edu	Female	55.118.67.70	01/05/2023
410	Carlene	Greenroad	cgreenroadbd@tiny.cc	Female	122.156.28.200	12/21/2022
411	Ramsay	Nelius	rneliusbe@t.co	Male	6.195.38.93	06/20/2022
412	Lamond	McKerron	lmckerronbf@cmu.edu	Male	89.64.52.103	03/20/2023
413	Adelaide	Lannen	alannenbg@weather.com	Female	56.217.27.109	03/31/2023
414	Nathalie	Borland	nborlandbh@dailymotion.com	Female	178.31.204.130	08/08/2022
415	Jens	Rochford	jrochfordbi@spotify.com	Male	8.95.249.46	01/23/2023
416	Patton	Faulkner	pfaulknerbj@bandcamp.com	Male	144.24.221.152	07/25/2022
417	Lexi	Altham	lalthambk@github.com	Female	171.206.138.155	06/28/2022
418	Rosanne	Cabbell	rcabbellbl@simplemachines.org	Female	173.90.153.133	07/09/2022
419	Skip	Kobu	skobubm@123-reg.co.uk	Male	12.134.27.207	07/03/2022
420	Nickolas	MacKissack	nmackissackbn@webnode.com	Male	179.133.142.54	12/31/2022
421	Carroll	Tirrell	ctirrellbo@wiley.com	Male	184.97.142.129	06/17/2022
422	Cordey	Readwood	creadwoodbp@ed.gov	Non-binary	16.234.211.206	06/28/2022
423	Lizette	Biasio	lbiasiobq@unc.edu	Genderqueer	20.236.50.210	07/22/2022
424	Arnaldo	Edwards	aedwardsbr@nps.gov	Male	69.253.215.70	09/08/2022
425	Jocelyne	Hadlee	jhadleebs@domainmarket.com	Female	155.186.80.236	05/01/2023
426	Katrine	Mitchelhill	kmitchelhillbt@google.de	Female	58.88.62.83	03/18/2023
427	Hazel	Harsent	hharsentbu@patch.com	Male	53.176.189.57	03/26/2023
428	Flore	Clacey	fclaceybv@free.fr	Female	212.3.166.252	01/05/2023
429	Auberon	Laban	alabanbw@nba.com	Non-binary	105.125.108.227	07/22/2022
430	Darcey	Westhofer	dwesthoferbx@mozilla.org	Female	36.77.191.187	10/12/2022
431	Quinn	Ilott	qilottby@miitbeian.gov.cn	Female	228.244.7.221	12/21/2022
432	Quill	Benfield	qbenfieldbz@nba.com	Male	90.146.123.241	12/21/2022
433	Jen	Batten	jbattenc0@cargocollective.com	Female	182.164.132.122	11/01/2022
434	Aksel	Wulfinger	awulfingerc1@cornell.edu	Male	24.167.122.2	04/20/2023
435	Hew	Quinell	hquinellc2@vkontakte.ru	Male	213.194.230.57	05/26/2022
436	Millard	Farris	mfarrisc3@amazon.co.jp	Male	100.204.254.112	05/30/2022
437	Nari	McAlpine	nmcalpinec4@army.mil	Female	125.141.116.91	06/14/2022
438	Bob	Duxbury	bduxburyc5@reverbnation.com	Male	21.29.219.24	09/14/2022
439	Way	Bulloch	wbullochc6@creativecommons.org	Male	246.251.48.55	04/01/2023
440	Estevan	Lettington	elettingtonc7@liveinternet.ru	Male	18.41.145.251	06/24/2022
441	Rebekah	Cuel	rcuelc8@springer.com	Female	86.4.101.110	04/11/2023
442	Mickie	Trueman	mtruemanc9@prnewswire.com	Male	109.85.105.29	10/18/2022
443	Selby	Frid	sfridca@irs.gov	Male	56.53.69.219	01/19/2023
444	Kelley	Colafate	kcolafatecb@storify.com	Male	153.4.29.182	01/22/2023
445	Jerald	Testro	jtestrocc@npr.org	Male	230.37.31.154	01/06/2023
446	Doug	Nickels	dnickelscd@moonfruit.com	Male	36.8.216.231	11/15/2022
447	Vincenty	Danieli	vdanielice@flickr.com	Male	160.246.82.14	03/16/2023
448	Tanner	Inchley	tinchleycf@w3.org	Male	151.181.134.88	04/29/2023
449	Rodger	Dunphie	rdunphiecg@yale.edu	Male	139.68.235.126	11/07/2022
450	Brittan	Descroix	bdescroixch@ifeng.com	Female	194.53.253.163	03/18/2023
451	Randell	Tranmer	rtranmerci@mit.edu	Male	241.211.46.129	09/18/2022
452	Randy	Deery	rdeerycj@auda.org.au	Bigender	30.125.118.244	10/08/2022
453	Whitman	Wigmore	wwigmoreck@godaddy.com	Male	166.111.105.175	11/06/2022
454	Moe	Pernell	mpernellcl@deliciousdays.com	Male	195.89.156.138	12/01/2022
455	Reagan	Sprott	rsprottcm@hubpages.com	Male	0.218.111.104	07/05/2022
456	Lynelle	Ick	lickcn@godaddy.com	Agender	44.254.132.22	02/07/2023
457	Sybila	Makiver	smakiverco@woothemes.com	Female	86.24.129.41	04/20/2023
458	Carolyn	Menichino	cmenichinocp@msu.edu	Female	58.155.28.48	10/22/2022
459	Mahmud	Downing	mdowningcq@about.com	Male	49.32.200.118	12/19/2022
460	Brendin	Pagden	bpagdencr@jigsy.com	Male	233.19.192.230	02/21/2023
461	Faulkner	Beddo	fbeddocs@cafepress.com	Male	86.78.112.164	07/21/2022
462	Lucian	Flude	lfludect@tumblr.com	Male	29.17.92.109	09/13/2022
463	Chickie	Nolot	cnolotcu@linkedin.com	Female	144.231.239.115	06/30/2022
464	Siusan	Budnik	sbudnikcv@usda.gov	Female	123.141.84.184	12/10/2022
465	Heida	Brimmicombe	hbrimmicombecw@elegantthemes.com	Female	111.163.47.205	08/02/2022
466	Paxton	Stead	psteadcx@infoseek.co.jp	Male	246.93.116.146	11/21/2022
467	Gwendolen	Collcutt	gcollcuttcy@businessweek.com	Female	73.229.240.118	12/23/2022
468	Denney	Hunte	dhuntecz@storify.com	Male	95.218.131.207	01/01/2023
469	Christal	Ferrettino	cferrettinod0@com.com	Female	61.152.76.197	04/15/2023
470	Wallis	Penney	wpenneyd1@cbc.ca	Female	46.222.219.62	04/18/2023
471	Cori	Mulcahy	cmulcahyd2@bbb.org	Female	127.4.153.170	05/07/2023
472	Karlie	Vearncombe	kvearncombed3@google.co.jp	Female	75.210.185.132	12/03/2022
473	Marietta	Filipiak	mfilipiakd4@cocolog-nifty.com	Male	191.214.237.188	11/07/2022
474	Aeriel	Addinall	aaddinalld5@gizmodo.com	Female	169.213.209.96	09/23/2022
475	Pierson	Kincey	pkinceyd6@ning.com	Genderqueer	87.24.23.110	07/06/2022
476	Lief	Lomen	llomend7@booking.com	Male	93.75.100.193	07/03/2022
477	Chrystal	Crutchley	ccrutchleyd8@noaa.gov	Female	21.222.165.236	08/09/2022
478	Augustine	Stiger	astigerd9@slate.com	Female	200.22.175.48	03/13/2023
479	Immanuel	Cureton	icuretonda@geocities.jp	Male	196.131.224.28	12/21/2022
480	Bernete	Masic	bmasicdb@histats.com	Female	123.93.85.36	11/14/2022
481	Brian	Plank	bplankdc@adobe.com	Male	197.223.241.10	02/01/2023
482	Pepito	Babbe	pbabbedd@theglobeandmail.com	Male	21.11.206.128	02/25/2023
483	Bartolemo	Snelgar	bsnelgarde@icq.com	Male	187.160.253.6	03/15/2023
484	Lewes	Shall	lshalldf@uiuc.edu	Male	194.157.210.171	06/05/2022
485	Colet	Spileman	cspilemandg@jimdo.com	Male	70.50.60.13	08/19/2022
486	Latia	Fallow	lfallowdh@washington.edu	Female	163.61.167.66	05/04/2023
487	Chandler	Lordon	clordondi@phpbb.com	Male	151.66.164.43	10/01/2022
488	Dwain	Yakebowitch	dyakebowitchdj@list-manage.com	Male	37.84.50.16	07/03/2022
489	Kass	Broadwood	kbroadwooddk@npr.org	Female	111.120.212.204	05/16/2022
490	Karin	Bibbie	kbibbiedl@paypal.com	Female	124.214.117.52	04/14/2023
491	Stillman	Landreth	slandrethdm@photobucket.com	Male	96.34.142.35	10/15/2022
492	Amberly	Skitral	askitraldn@yellowpages.com	Genderqueer	152.151.109.138	08/09/2022
493	Amy	Wotherspoon	awotherspoondo@sbwire.com	Female	168.255.64.172	02/14/2023
494	Bob	Schultheiss	bschultheissdp@si.edu	Male	138.136.232.131	04/05/2023
495	Rowena	Fiveash	rfiveashdq@unesco.org	Female	10.13.18.69	07/13/2022
496	Claiborne	Ragless	craglessdr@networksolutions.com	Male	157.210.211.247	10/26/2022
497	North	Frow	nfrowds@nba.com	Male	148.37.73.251	01/11/2023
498	Jdavie	Stede	jstededt@ustream.tv	Male	8.4.114.16	01/10/2023
499	Christan	Skelhorn	cskelhorndu@merriam-webster.com	Polygender	32.223.145.173	07/09/2022
500	Brod	Fossett	bfossettdv@yellowpages.com	Male	11.245.72.37	02/26/2023
501	Winfield	Cornu	wcornudw@eepurl.com	Male	21.152.244.137	08/30/2022
502	Malina	Crossgrove	mcrossgrovedx@stumbleupon.com	Female	127.84.134.63	09/10/2022
503	Aurthur	Ketton	akettondy@washingtonpost.com	Male	212.239.158.84	03/21/2023
504	Kristofer	Alexandersen	kalexandersendz@usatoday.com	Male	62.148.103.146	04/25/2023
505	Rab	Postians	rpostianse0@ed.gov	Male	247.6.177.191	04/03/2023
506	Anett	Stanner	astannere1@sakura.ne.jp	Female	232.223.133.108	02/11/2023
507	Lyman	Gravet	lgravete2@hubpages.com	Male	69.3.113.189	02/15/2023
508	Cleavland	Giovannoni	cgiovannonie3@springer.com	Male	5.168.78.143	05/15/2023
509	Morena	Crain	mcraine4@indiatimes.com	Female	174.132.4.153	04/25/2023
510	Ulberto	Prando	uprandoe5@aboutads.info	Male	63.78.59.157	07/17/2022
511	Isidoro	Guidoni	iguidonie6@bloglines.com	Male	177.170.175.10	07/31/2022
512	Ettie	Sherbrooke	esherbrookee7@mail.ru	Female	58.178.22.179	10/06/2022
513	Emmalynn	Trewett	etrewette8@cbsnews.com	Female	249.169.59.49	06/29/2022
514	Paolo	Burkinshaw	pburkinshawe9@seattletimes.com	Male	223.25.7.79	05/04/2023
515	Ryan	Marle	rmarleea@nasa.gov	Male	114.119.87.182	03/27/2023
516	Emmerich	Westerman	ewestermaneb@elegantthemes.com	Male	74.172.101.42	04/20/2023
517	Arabella	Blanque	ablanqueec@4shared.com	Female	14.20.187.180	04/24/2023
518	Robert	Sor	rsored@ehow.com	Male	45.12.37.170	12/12/2022
519	Raquela	Brizell	rbrizellee@zimbio.com	Female	110.214.168.209	09/26/2022
520	Rudy	Children	rchildrenef@comsenz.com	Male	59.20.127.203	05/22/2022
521	Maridel	Aberdalgy	maberdalgyeg@nationalgeographic.com	Female	40.251.179.48	05/05/2023
522	Merralee	Sprason	msprasoneh@dailymotion.com	Female	251.220.150.202	01/23/2023
523	Beulah	Wooller	bwoollerei@topsy.com	Female	242.250.14.92	02/27/2023
524	Alessandra	Baggallay	abaggallayej@nih.gov	Female	219.19.235.61	02/19/2023
525	Abner	Thunders	athundersek@epa.gov	Male	165.160.19.91	11/09/2022
526	Daryl	Pipkin	dpipkinel@godaddy.com	Male	127.106.15.32	09/24/2022
527	Bone	Ruzicka	bruzickaem@mtv.com	Male	41.118.60.112	05/25/2022
528	Ethelind	Yeo	eyeoen@toplist.cz	Female	90.209.216.161	07/28/2022
529	Alleen	Colvin	acolvineo@youtu.be	Female	245.42.174.138	03/10/2023
530	Cristian	Rittelmeyer	crittelmeyerep@wsj.com	Male	233.6.210.173	04/30/2023
531	Valencia	De la Harpe	vdelaharpeeq@reuters.com	Genderfluid	113.11.88.78	08/08/2022
532	Randi	Foyston	rfoystoner@biglobe.ne.jp	Bigender	94.211.137.192	04/11/2023
533	El	Cotsford	ecotsfordes@friendfeed.com	Male	130.32.11.177	10/31/2022
534	Lorita	Elgar	lelgaret@nih.gov	Female	113.235.187.172	03/11/2023
535	Franklin	Barden	fbardeneu@soundcloud.com	Male	81.195.171.28	02/13/2023
536	Arda	Tzarkov	atzarkovev@storify.com	Female	233.199.91.7	12/18/2022
537	Anjanette	Gainfort	againfortew@people.com.cn	Female	224.93.154.53	08/05/2022
538	Rockwell	Gorler	rgorlerex@freewebs.com	Male	220.150.212.78	01/30/2023
539	Gaston	Stienton	gstientoney@wunderground.com	Male	36.159.158.41	09/29/2022
540	Bron	Tyt	btytez@hhs.gov	Male	177.214.17.230	08/08/2022
541	Crysta	Wallbutton	cwallbuttonf0@yellowpages.com	Female	31.57.46.155	08/29/2022
542	Derrek	Freestone	dfreestonef1@google.co.uk	Male	183.36.62.212	11/29/2022
543	Lev	Sergison	lsergisonf2@walmart.com	Male	123.22.102.9	07/04/2022
544	Elberta	Broadist	ebroadistf3@plala.or.jp	Female	215.94.95.96	11/17/2022
545	Josiah	Studders	jstuddersf4@meetup.com	Male	170.59.10.27	11/12/2022
546	Duff	Vennings	dvenningsf5@scribd.com	Male	76.118.161.86	03/11/2023
547	Jeane	Cave	jcavef6@twitter.com	Female	31.237.223.213	02/22/2023
548	Hashim	Smitham	hsmithamf7@stumbleupon.com	Male	195.241.24.248	10/11/2022
549	Dyna	McDermot	dmcdermotf8@blogger.com	Female	170.218.71.190	05/18/2022
550	Amber	Spensley	aspensleyf9@lulu.com	Female	58.79.195.140	11/18/2022
551	Oswald	Balharry	obalharryfa@hao123.com	Male	174.0.81.34	07/11/2022
552	Antonella	Carlisi	acarlisifb@goodreads.com	Female	176.135.123.5	07/13/2022
553	Giffy	Reary	grearyfc@weather.com	Male	163.239.45.226	12/06/2022
554	Hilliard	Arber	harberfd@photobucket.com	Male	110.224.211.110	06/14/2022
555	Marlowe	Barter	mbarterfe@vistaprint.com	Male	50.27.184.38	12/20/2022
556	Fielding	Burkman	fburkmanff@globo.com	Male	145.135.76.208	12/22/2022
557	Barbi	Gaitung	bgaitungfg@mayoclinic.com	Genderfluid	45.34.197.159	03/16/2023
558	Ernestine	Dobel	edobelfh@livejournal.com	Female	126.136.17.154	01/26/2023
559	Shelbi	Tomisch	stomischfi@japanpost.jp	Female	229.200.193.193	05/07/2023
560	Cordie	Sinnocke	csinnockefj@craigslist.org	Male	50.245.235.121	11/13/2022
561	Fredrick	Damp	fdampfk@ucoz.com	Male	233.137.97.96	08/16/2022
562	Eddie	McMurtyr	emcmurtyrfl@cam.ac.uk	Male	115.130.98.162	06/04/2022
563	Ad	Marrow	amarrowfm@hud.gov	Male	45.96.156.210	01/28/2023
564	Eleonora	Yepiskov	eyepiskovfn@ebay.com	Female	101.81.230.151	07/24/2022
565	Vernice	Tinkler	vtinklerfo@newyorker.com	Female	235.135.209.207	03/18/2023
566	Myra	Brandham	mbrandhamfp@va.gov	Female	224.69.230.33	10/31/2022
567	Essie	Drynan	edrynanfq@unicef.org	Female	7.249.66.155	09/23/2022
568	Hiram	Lightollers	hlightollersfr@csmonitor.com	Male	38.126.169.58	11/13/2022
569	Forster	Trass	ftrassfs@alexa.com	Male	32.69.21.132	02/27/2023
570	Isaak	Verillo	iverilloft@jigsy.com	Male	136.232.84.149	02/18/2023
571	Ivory	Chatten	ichattenfu@latimes.com	Female	18.223.14.161	05/16/2022
572	Tiphanie	Uccelli	tuccellifv@shutterfly.com	Female	50.181.217.233	03/12/2023
573	Kris	Ible	kiblefw@comsenz.com	Female	7.253.45.199	04/22/2023
574	Tan	Gaskamp	tgaskampfx@tmall.com	Male	127.125.248.8	07/19/2022
575	Wallas	Thay	wthayfy@histats.com	Male	112.184.64.23	06/27/2022
576	Felice	Rockhill	frockhillfz@senate.gov	Female	21.191.65.199	08/23/2022
577	Ileana	Van der Beken	ivanderbekeng0@tripod.com	Bigender	94.121.97.111	01/06/2023
578	Ashlan	Evequot	aevequotg1@cargocollective.com	Female	26.245.233.71	10/26/2022
579	Bird	Stubley	bstubleyg2@mac.com	Female	178.8.66.84	12/05/2022
580	Waring	Schrader	wschraderg3@multiply.com	Male	207.239.44.141	01/10/2023
581	Gal	Le Barr	glebarrg4@wikimedia.org	Male	38.92.158.45	11/01/2022
582	Dorelle	Witchalls	dwitchallsg5@meetup.com	Bigender	76.58.80.132	09/16/2022
583	Nollie	Delort	ndelortg6@ovh.net	Male	159.197.171.89	12/10/2022
584	Portie	Cavet	pcavetg7@berkeley.edu	Male	173.163.51.203	03/14/2023
585	Wally	Oscroft	woscroftg8@stanford.edu	Genderfluid	130.3.109.115	06/29/2022
586	Eleonora	Gumley	egumleyg9@hc360.com	Female	27.119.86.136	02/18/2023
587	Dode	Babalola	dbabalolaga@mozilla.com	Female	129.230.204.143	09/25/2022
588	Jervis	Kix	jkixgb@yolasite.com	Male	50.12.187.189	11/23/2022
589	Nichols	Livesey	nliveseygc@bbb.org	Male	29.222.90.231	10/01/2022
590	Calvin	Lansdale	clansdalegd@blogs.com	Male	216.228.180.78	02/19/2023
591	Sanford	Delort	sdelortge@irs.gov	Male	153.97.177.66	01/20/2023
592	Minnaminnie	Stening	msteninggf@shutterfly.com	Female	99.39.188.187	09/28/2022
593	Myra	MacKeague	mmackeaguegg@whitehouse.gov	Female	233.65.4.8	05/08/2023
594	Chevalier	Boecke	cboeckegh@house.gov	Male	72.44.208.225	12/27/2022
595	Vidovik	Reinbeck	vreinbeckgi@blogtalkradio.com	Male	232.129.7.103	12/13/2022
596	Worden	Vasyaev	wvasyaevgj@businessweek.com	Male	147.39.127.9	05/13/2023
597	Berk	Trees	btreesgk@netvibes.com	Male	101.131.241.193	07/29/2022
598	Murry	Benoit	mbenoitgl@baidu.com	Non-binary	132.222.90.185	11/26/2022
599	Umberto	Rotter	urottergm@uiuc.edu	Male	98.188.148.234	08/21/2022
600	Gerrie	Bennetto	gbennettogn@4shared.com	Male	13.174.90.90	08/24/2022
601	Abe	Tettley	atettleygo@usda.gov	Male	185.34.12.48	10/27/2022
602	Dianna	Sushams	dsushamsgp@sun.com	Female	208.62.201.62	09/15/2022
603	Denna	Mongeot	dmongeotgq@oakley.com	Female	1.90.200.157	04/18/2023
604	Ruthy	Nono	rnonogr@aboutads.info	Female	154.98.219.16	07/28/2022
605	Abagail	Bolens	abolensgs@washingtonpost.com	Female	8.41.179.218	08/04/2022
606	Clementina	Duval	cduvalgt@bbb.org	Female	58.212.246.84	11/11/2022
607	Norris	Le Cornu	nlecornugu@redcross.org	Male	228.214.142.139	03/02/2023
608	Jerri	Giannassi	jgiannassigv@squidoo.com	Male	67.91.31.36	08/08/2022
609	Coleen	O'Cahsedy	cocahsedygw@opensource.org	Female	209.74.117.244	02/22/2023
610	Milo	McNuff	mmcnuffgx@ovh.net	Male	107.87.49.159	07/13/2022
611	Vonny	Coady	vcoadygy@fotki.com	Female	195.187.164.239	03/27/2023
612	Emmalynn	Rackstraw	erackstrawgz@weebly.com	Female	149.108.18.59	12/05/2022
613	Anatol	Measor	ameasorh0@clickbank.net	Male	195.174.252.36	12/04/2022
614	Eziechiele	Cleghorn	ecleghornh1@yahoo.com	Male	17.191.114.168	06/06/2022
615	Minnie	Cesconi	mcesconih2@reference.com	Female	63.111.207.209	06/13/2022
616	Godard	Towson	gtowsonh3@alexa.com	Male	5.103.250.158	06/07/2022
617	Darby	Colleck	dcolleckh4@istockphoto.com	Female	235.170.27.7	07/16/2022
618	Zebulon	Orrum	zorrumh5@ftc.gov	Male	186.89.86.179	06/27/2022
619	Gabbie	Daniel	gdanielh6@craigslist.org	Male	93.136.100.180	08/09/2022
620	Jereme	Burl	jburlh7@bigcartel.com	Polygender	75.1.203.224	03/17/2023
621	Melinde	D'Acth	mdacthh8@japanpost.jp	Female	183.109.174.212	11/12/2022
622	Maris	Andreassen	mandreassenh9@wordpress.org	Female	28.225.209.149	08/29/2022
623	Millie	Rodwell	mrodwellha@multiply.com	Female	243.52.234.129	10/21/2022
624	Giff	Ingilson	gingilsonhb@vkontakte.ru	Male	100.60.36.177	06/12/2022
625	Salmon	Delagua	sdelaguahc@newyorker.com	Male	136.8.206.174	08/26/2022
626	Ebba	Briatt	ebriatthd@hatena.ne.jp	Female	67.81.242.123	03/29/2023
627	Ardith	Scamaden	ascamadenhe@etsy.com	Genderqueer	47.25.76.43	02/18/2023
628	Norbert	Bussen	nbussenhf@infoseek.co.jp	Genderfluid	1.110.138.12	08/25/2022
629	Leighton	Guitonneau	lguitonneauhg@merriam-webster.com	Male	199.30.40.54	04/08/2023
630	Mendie	Luigi	mluigihh@phoca.cz	Male	46.162.5.180	04/30/2023
631	Sibby	Fellis	sfellishi@deliciousdays.com	Female	7.50.178.78	03/04/2023
632	Brennen	Brightling	bbrightlinghj@elpais.com	Male	151.15.126.235	05/07/2023
633	Eal	Wakley	ewakleyhk@naver.com	Male	138.166.183.131	04/05/2023
634	Kellen	Dunbabin	kdunbabinhl@ocn.ne.jp	Female	195.11.137.34	06/04/2022
635	Brittney	Bickers	bbickershm@vk.com	Female	231.3.32.62	10/02/2022
636	Mathilda	Scone	msconehn@cmu.edu	Female	228.249.232.223	04/20/2023
637	Marchelle	Kerins	mkerinsho@boston.com	Female	18.168.43.20	05/25/2022
638	Faber	Rounce	frouncehp@webs.com	Male	192.0.181.135	10/04/2022
639	Hallie	Normabell	hnormabellhq@statcounter.com	Female	58.1.47.146	03/13/2023
640	Alanson	Richardin	arichardinhr@imgur.com	Male	190.119.129.93	07/11/2022
641	Tye	Teggin	ttegginhs@archive.org	Male	58.102.58.247	01/01/2023
642	Saunders	Bissex	sbissexht@nationalgeographic.com	Male	37.70.158.8	12/24/2022
643	Madelon	Pierton	mpiertonhu@indiegogo.com	Female	168.132.194.21	07/02/2022
644	Leesa	Rodnight	lrodnighthv@bbc.co.uk	Female	7.17.109.208	02/22/2023
645	Dante	Kuhnhardt	dkuhnhardthw@si.edu	Male	48.243.250.222	04/14/2023
646	Olva	Dockwray	odockwrayhx@msn.com	Female	181.247.102.33	07/25/2022
647	Adair	Searby	asearbyhy@businessinsider.com	Male	215.132.59.191	08/07/2022
648	Ted	Prise	tprisehz@unblog.fr	Female	83.112.116.243	09/14/2022
649	Louis	McKibben	lmckibbeni0@diigo.com	Agender	152.162.248.96	03/17/2023
650	Jammal	Picot	jpicoti1@uiuc.edu	Male	8.144.31.166	04/22/2023
651	Teodorico	Amies	tamiesi2@pcworld.com	Male	255.205.180.173	05/12/2023
652	Caz	Jaslem	cjaslemi3@mit.edu	Male	139.204.50.52	01/01/2023
653	Corenda	Riguard	criguardi4@themeforest.net	Genderfluid	79.207.10.184	12/02/2022
654	Gertrud	Bindin	gbindini5@marketwatch.com	Female	124.64.120.30	04/12/2023
655	Sergeant	Swalteridge	sswalteridgei6@cyberchimps.com	Bigender	69.134.184.182	06/29/2022
656	Jessi	Luipold	jluipoldi7@paginegialle.it	Female	240.46.241.248	09/14/2022
657	Jourdan	Standbrook	jstandbrooki8@netvibes.com	Female	10.254.9.161	10/01/2022
658	Marketa	Skim	mskimi9@eventbrite.com	Female	28.29.147.29	07/27/2022
659	Teresita	Batalle	tbatalleia@oakley.com	Female	186.63.196.142	04/20/2023
660	Elbertine	Brookwell	ebrookwellib@bing.com	Female	199.160.211.6	04/27/2023
661	Karla	Willishire	kwillishireic@reference.com	Female	84.171.209.242	02/12/2023
662	Mordecai	Siddons	msiddonsid@constantcontact.com	Male	126.195.160.7	03/12/2023
663	Grata	Morgan	gmorganie@people.com.cn	Female	12.149.214.70	07/02/2022
664	Fionnula	Wark	fwarkif@dropbox.com	Female	152.176.74.212	05/20/2022
665	Ingelbert	Sposito	ispositoig@naver.com	Male	209.210.195.86	12/14/2022
666	Breena	Dreigher	bdreigherih@techcrunch.com	Female	125.183.221.130	04/07/2023
667	Lazaro	De Caville	ldecavilleii@amazonaws.com	Genderqueer	22.180.76.165	10/22/2022
668	Mathilde	MacParland	mmacparlandij@state.gov	Female	47.196.71.191	08/15/2022
669	Catlaina	Cloonan	ccloonanik@google.com	Female	120.215.192.147	06/28/2022
670	Clemmie	Espinet	cespinetil@arizona.edu	Female	52.179.196.40	09/08/2022
671	Fabe	Grzegorek	fgrzegorekim@youtu.be	Male	14.176.46.239	05/06/2023
672	Findley	Buddle	fbuddlein@qq.com	Male	226.241.53.204	09/08/2022
673	Gordan	Sturmey	gsturmeyio@addthis.com	Male	125.130.130.57	10/10/2022
674	Carson	Earwaker	cearwakerip@archive.org	Male	86.238.223.188	05/18/2022
675	Clemmie	Southway	csouthwayiq@go.com	Female	190.155.26.156	11/18/2022
676	Shandra	Linklet	slinkletir@jugem.jp	Female	40.35.94.73	07/17/2022
677	Eldredge	Balchin	ebalchinis@nih.gov	Genderfluid	179.68.244.184	12/29/2022
678	Britteny	Martinelli	bmartinelliit@oracle.com	Female	55.13.212.29	12/28/2022
679	Romeo	Dyke	rdykeiu@dropbox.com	Male	20.235.246.52	08/21/2022
680	Pren	Surgenor	psurgenoriv@mlb.com	Male	73.101.239.178	11/18/2022
681	Lanae	MacGillivray	lmacgillivrayiw@twitter.com	Female	14.191.129.48	12/05/2022
682	Jillane	Pavlitschek	jpavlitschekix@blogtalkradio.com	Female	33.213.126.249	09/04/2022
683	Charmion	Curreen	ccurreeniy@ebay.co.uk	Female	116.99.162.68	10/22/2022
684	Cleo	Constanza	cconstanzaiz@eepurl.com	Female	219.129.108.221	01/27/2023
685	Morna	Woofinden	mwoofindenj0@issuu.com	Female	103.91.46.248	12/27/2022
686	Inness	Licciardi	ilicciardij1@rediff.com	Male	14.155.168.163	08/13/2022
687	Merci	Lefridge	mlefridgej2@i2i.jp	Female	62.59.62.180	09/21/2022
688	Delainey	Sales	dsalesj3@nature.com	Male	1.109.106.129	05/31/2022
689	Tedra	Paolo	tpaoloj4@salon.com	Female	57.55.152.24	09/21/2022
690	Sheba	Mattusevich	smattusevichj5@twitter.com	Genderfluid	158.43.65.197	11/04/2022
691	Elbertine	Ondra	eondraj6@parallels.com	Female	146.131.90.33	01/29/2023
692	Audrye	Seymour	aseymourj7@is.gd	Female	2.75.9.15	12/10/2022
693	Delaney	Harragin	dharraginj8@imdb.com	Male	26.67.117.126	04/14/2023
694	Hubie	Ludl	hludlj9@addtoany.com	Male	217.33.159.251	06/06/2022
695	Sergei	Ferreri	sferrerija@soup.io	Male	129.30.157.54	12/07/2022
696	Wallache	Pauleit	wpauleitjb@alibaba.com	Male	63.140.34.207	01/28/2023
697	Willem	Loveday	wlovedayjc@myspace.com	Male	45.127.13.234	11/30/2022
698	Carilyn	Swateridge	cswateridgejd@vistaprint.com	Female	35.2.184.43	08/30/2022
699	Mel	Pesek	mpesekje@gravatar.com	Female	169.175.203.171	11/14/2022
700	Barbey	Greasty	bgreastyjf@rakuten.co.jp	Female	140.62.18.8	01/04/2023
701	Vernice	Archbold	varchboldjg@rediff.com	Female	83.38.215.148	04/23/2023
702	Massimo	Pigram	mpigramjh@amazon.de	Male	167.153.50.136	07/04/2022
703	Marney	Abbati	mabbatiji@state.tx.us	Female	43.77.206.240	11/22/2022
704	Ellene	Rabjohns	erabjohnsjj@facebook.com	Female	244.211.8.226	09/18/2022
705	Ezechiel	Kerswill	ekerswilljk@independent.co.uk	Male	214.105.246.73	08/25/2022
706	Corrina	Kitley	ckitleyjl@netlog.com	Female	212.112.129.66	11/13/2022
707	Aksel	Mahody	amahodyjm@miitbeian.gov.cn	Male	100.114.36.204	08/09/2022
708	Lindie	Gerge	lgergejn@sina.com.cn	Female	152.65.17.244	08/12/2022
709	Nat	Mariel	nmarieljo@123-reg.co.uk	Female	154.168.115.154	01/31/2023
710	Binky	Corneille	bcorneillejp@baidu.com	Male	59.132.56.244	02/27/2023
711	Samara	Ripper	sripperjq@patch.com	Female	223.221.18.62	11/03/2022
712	Dwain	Splevings	dsplevingsjr@mtv.com	Male	15.175.168.205	07/31/2022
713	Wilmar	Oldnall	woldnalljs@earthlink.net	Male	211.209.28.103	08/30/2022
714	Sharl	Suckling	ssucklingjt@phoca.cz	Agender	139.200.20.171	05/14/2023
715	Martynne	Keigher	mkeigherju@prnewswire.com	Female	148.231.209.34	07/11/2022
716	Jedediah	Eve	jevejv@discovery.com	Male	2.180.137.233	08/15/2022
717	Tracey	Glentworth	tglentworthjw@ibm.com	Female	155.45.157.254	10/06/2022
718	Marianne	Kolodziej	mkolodziejjx@nytimes.com	Female	236.144.232.40	01/27/2023
719	Windham	Reynish	wreynishjy@rakuten.co.jp	Male	52.161.116.66	06/29/2022
720	Alana	Shakesby	ashakesbyjz@utexas.edu	Female	219.5.89.142	04/01/2023
721	Christopher	Cotilard	ccotilardk0@51.la	Male	151.231.44.216	01/16/2023
722	Wesley	Aiton	waitonk1@sbwire.com	Male	183.118.30.17	03/26/2023
723	Lane	Heaney	lheaneyk2@jiathis.com	Male	61.44.65.53	12/10/2022
724	Lil	Copins	lcopinsk3@bbb.org	Female	112.19.44.7	10/12/2022
725	Chaddy	Zambon	czambonk4@hugedomains.com	Male	0.218.113.127	11/17/2022
726	Johannes	Methley	jmethleyk5@eepurl.com	Male	178.224.125.31	12/28/2022
727	Rorke	Grzegorzewicz	rgrzegorzewiczk6@chronoengine.com	Male	32.159.112.230	03/16/2023
728	Sammy	Andrag	sandragk7@constantcontact.com	Male	120.192.153.249	03/08/2023
729	Carlen	Feighry	cfeighryk8@about.me	Female	80.226.5.153	10/12/2022
730	Colline	Lumbers	clumbersk9@mac.com	Female	125.37.249.32	01/12/2023
731	Maximilien	Yuryatin	myuryatinka@stanford.edu	Male	222.102.28.242	07/03/2022
732	Camella	Ladlow	cladlowkb@biblegateway.com	Female	128.216.189.4	05/10/2023
733	Stafford	Meneo	smeneokc@webmd.com	Male	231.154.10.95	03/17/2023
734	Nicolai	Trevaskus	ntrevaskuskd@biglobe.ne.jp	Male	106.141.209.153	10/28/2022
735	Verney	Trelevan	vtrelevanke@tumblr.com	Male	87.174.97.169	02/13/2023
736	Tamar	Marron	tmarronkf@chronoengine.com	Female	177.5.209.232	06/23/2022
737	Anett	Girkins	agirkinskg@twitpic.com	Female	169.253.116.253	02/07/2023
738	Aida	Huchot	ahuchotkh@trellian.com	Female	42.233.147.32	01/26/2023
739	Tyrus	Cussen	tcussenki@digg.com	Male	197.167.221.42	05/30/2022
740	Clay	Renforth	crenforthkj@360.cn	Male	99.255.45.119	04/07/2023
741	Rosalyn	Livezey	rlivezeykk@issuu.com	Female	81.113.21.162	06/07/2022
742	Kris	Duberry	kduberrykl@slate.com	Male	101.169.25.207	10/05/2022
743	Orlan	McFadyen	omcfadyenkm@ucla.edu	Male	126.78.99.234	01/06/2023
744	Gayla	de Juares	gdejuareskn@last.fm	Bigender	111.211.149.178	08/31/2022
745	Harper	Hutcheon	hhutcheonko@wiley.com	Male	45.194.54.129	05/25/2022
746	Andy	Hardinge	ahardingekp@phpbb.com	Female	240.132.205.179	05/10/2023
747	Kimberlyn	Emanuelov	kemanuelovkq@elegantthemes.com	Female	62.136.200.82	07/20/2022
748	Gorden	Peal	gpealkr@salon.com	Male	225.58.103.164	10/30/2022
749	Barbara	Mingo	bmingoks@sphinn.com	Female	173.18.88.227	06/22/2022
750	Arin	Minors	aminorskt@mlb.com	Male	34.27.37.57	12/15/2022
751	June	Beadon	jbeadonku@gizmodo.com	Female	35.247.77.214	10/15/2022
752	Woodrow	Drake	wdrakekv@amazon.co.jp	Male	47.76.67.186	01/28/2023
753	Melody	Pearcehouse	mpearcehousekw@comcast.net	Female	153.201.130.224	10/20/2022
754	Ambrose	Rayner	araynerkx@zimbio.com	Male	41.7.76.25	10/04/2022
755	Bobine	Shankland	bshanklandky@eepurl.com	Female	203.229.150.184	09/21/2022
756	Evvie	Kleanthous	ekleanthouskz@unesco.org	Female	165.24.23.77	04/27/2023
757	Coralyn	Varran	cvarranl0@samsung.com	Female	59.137.150.206	07/23/2022
758	Artemas	Crouse	acrousel1@japanpost.jp	Male	220.245.203.1	05/12/2023
759	Retha	Tunesi	rtunesil2@hostgator.com	Female	115.96.135.236	09/09/2022
760	Chandler	Regnard	cregnardl3@booking.com	Male	89.145.9.9	09/24/2022
761	Brigham	Basill	bbasilll4@i2i.jp	Male	148.67.128.160	01/22/2023
762	Mahmud	Brisset	mbrissetl5@rambler.ru	Male	83.78.190.212	09/18/2022
763	Timi	Shuxsmith	tshuxsmithl6@goo.gl	Female	74.247.181.49	03/21/2023
764	Alistair	Symcock	asymcockl7@paginegialle.it	Male	242.6.162.26	06/25/2022
765	Gerick	Colgan	gcolganl8@moonfruit.com	Male	140.196.250.174	10/19/2022
766	Lauren	Sabates	lsabatesl9@drupal.org	Female	122.54.229.78	02/19/2023
767	Pammi	Haldin	phaldinla@joomla.org	Female	198.167.18.239	06/21/2022
768	Cyrille	Nethercott	cnethercottlb@devhub.com	Male	132.117.233.219	03/27/2023
769	Fabe	Plaistowe	fplaistowelc@tiny.cc	Male	114.250.4.154	05/06/2023
770	Nesta	Broinlich	nbroinlichld@princeton.edu	Female	115.21.90.56	04/07/2023
771	Amabel	Pywell	apywellle@mapquest.com	Female	111.12.127.175	04/02/2023
772	Kissee	Grise	kgriself@cbc.ca	Female	126.171.31.142	02/18/2023
773	Jordan	Hammant	jhammantlg@creativecommons.org	Male	84.245.99.166	12/08/2022
774	Jordanna	Daws	jdawslh@smugmug.com	Female	119.84.144.100	02/17/2023
775	Gregory	Bever	gbeverli@yellowbook.com	Male	153.85.22.182	03/24/2023
776	Hurlee	McCarron	hmccarronlj@gizmodo.com	Male	188.1.208.134	03/17/2023
777	Edward	Lechmere	elechmerelk@engadget.com	Male	37.6.177.42	05/15/2023
778	Vern	Mustill	vmustillll@ucla.edu	Male	217.191.27.0	05/31/2022
779	Teddie	Shoosmith	tshoosmithlm@google.co.jp	Female	164.163.124.163	07/02/2022
780	Herman	Speechley	hspeechleyln@alibaba.com	Male	23.222.67.133	10/10/2022
781	Nikoletta	Dyer	ndyerlo@yolasite.com	Female	143.182.143.160	10/26/2022
782	Jared	McGraffin	jmcgraffinlp@va.gov	Male	91.232.93.171	04/21/2023
783	Finley	Chedzoy	fchedzoylq@w3.org	Male	252.105.53.30	11/24/2022
784	Lutero	Preene	lpreenelr@goo.ne.jp	Male	111.223.43.159	01/08/2023
785	Christoffer	Darbon	cdarbonls@xinhuanet.com	Male	137.94.151.49	03/01/2023
786	Maritsa	Batcheldor	mbatcheldorlt@gov.uk	Female	120.21.21.122	02/06/2023
787	Bronnie	Rouse	brouselu@tiny.cc	Male	210.0.71.153	04/11/2023
788	Cornelle	Bonnett	cbonnettlv@fastcompany.com	Female	178.4.240.123	08/06/2022
789	Lu	Dun	ldunlw@eepurl.com	Agender	214.114.68.53	10/08/2022
790	Sergent	Howselee	showseleelx@nyu.edu	Male	60.170.136.25	09/08/2022
791	Hanny	Kersley	hkersleyly@cnbc.com	Female	93.6.34.207	05/16/2022
792	Kimbell	Akram	kakramlz@businesswire.com	Male	25.151.160.76	09/08/2022
793	Darby	Bick	dbickm0@theatlantic.com	Male	173.64.223.21	04/26/2023
794	Blaine	Logie	blogiem1@nba.com	Male	7.125.136.139	07/10/2022
795	Amity	De Coursey	adecourseym2@noaa.gov	Female	147.82.149.3	08/05/2022
796	Fax	Mccaull	fmccaullm3@ask.com	Genderfluid	16.209.223.66	06/17/2022
797	Peter	Tutsell	ptutsellm4@google.com.hk	Male	143.21.114.92	11/05/2022
798	Ede	Kirkup	ekirkupm5@icio.us	Genderqueer	215.167.62.71	04/16/2023
799	Dore	Clougher	dclougherm6@ted.com	Female	80.201.109.127	04/12/2023
800	Chan	Dunkerton	cdunkertonm7@xinhuanet.com	Male	59.10.190.180	11/04/2022
801	Adriano	Dahlback	adahlbackm8@merriam-webster.com	Male	55.102.153.92	02/24/2023
802	Nichol	Bumphrey	nbumphreym9@freewebs.com	Female	35.58.92.178	01/26/2023
803	Sargent	Trayton	straytonma@homestead.com	Male	234.180.13.11	05/03/2023
804	Kelsy	Cornes	kcornesmb@arstechnica.com	Female	32.77.21.250	11/12/2022
805	Tommie	Chartres	tchartresmc@123-reg.co.uk	Female	59.231.14.99	11/12/2022
806	Consuelo	Layborn	claybornmd@about.me	Female	88.239.163.41	06/10/2022
807	Bertina	Clericoates	bclericoatesme@wikimedia.org	Agender	219.241.205.56	11/11/2022
808	Ranice	Hulse	rhulsemf@furl.net	Female	80.127.86.214	10/23/2022
809	Ware	Whisby	wwhisbymg@cmu.edu	Male	84.239.61.183	12/22/2022
810	Cobby	Harkins	charkinsmh@de.vu	Male	185.136.20.61	02/24/2023
811	Aimil	Ayto	aaytomi@prweb.com	Agender	34.241.105.57	02/14/2023
812	Liana	Jewis	ljewismj@studiopress.com	Female	63.96.62.146	12/11/2022
813	Cullie	Storie	cstoriemk@seesaa.net	Male	23.25.50.255	03/10/2023
814	Regan	Shortall	rshortallml@cafepress.com	Male	112.95.74.122	01/20/2023
815	Kinny	Brimblecomb	kbrimblecombmm@google.com.au	Male	249.156.206.39	02/10/2023
816	Agathe	Huet	ahuetmn@amazon.co.jp	Female	173.227.56.130	10/12/2022
817	Lewie	Murby	lmurbymo@hibu.com	Male	255.38.237.38	04/22/2023
818	Garrot	Wigsell	gwigsellmp@netscape.com	Male	84.226.8.205	07/31/2022
819	Niki	Stammler	nstammlermq@dell.com	Genderqueer	83.123.68.43	03/20/2023
820	Tulley	Zorener	tzorenermr@amazon.co.uk	Male	70.128.77.238	03/09/2023
821	Byrom	Bravery	bbraveryms@go.com	Polygender	178.253.30.98	10/15/2022
822	Jillene	Slisby	jslisbymt@china.com.cn	Female	66.229.51.54	08/15/2022
823	Roma	McGuff	rmcguffmu@theguardian.com	Male	3.232.251.96	09/13/2022
824	Lon	Royste	lroystemv@constantcontact.com	Male	134.243.185.19	06/16/2022
825	Sissie	Innman	sinnmanmw@nytimes.com	Female	106.105.48.0	05/25/2022
826	Ahmed	Varga	avargamx@ox.ac.uk	Male	27.103.110.240	03/11/2023
827	Ardenia	Cornuau	acornuaumy@1688.com	Female	252.76.110.112	02/14/2023
828	Nedda	Hurle	nhurlemz@ow.ly	Female	165.192.91.211	01/16/2023
829	Davin	O' Markey	domarkeyn0@ameblo.jp	Male	124.52.179.152	08/16/2022
830	Odilia	Buntine	obuntinen1@tinypic.com	Female	73.101.245.174	03/30/2023
831	Antoni	Adess	aadessn2@abc.net.au	Male	251.249.84.86	01/10/2023
832	Seth	Paish	spaishn3@biblegateway.com	Genderfluid	73.222.100.57	01/15/2023
833	Holmes	Goodger	hgoodgern4@hud.gov	Male	158.114.155.216	09/08/2022
834	Tabbitha	McMurty	tmcmurtyn5@ft.com	Female	146.144.187.44	04/01/2023
835	Erwin	Veart	eveartn6@friendfeed.com	Male	73.105.33.68	08/12/2022
836	Lila	Matlock	lmatlockn7@whitehouse.gov	Female	87.184.53.201	10/08/2022
837	Rosaleen	Dutt	rduttn8@nasa.gov	Female	139.165.198.129	02/05/2023
838	Nancey	Renfrew	nrenfrewn9@drupal.org	Female	92.148.188.15	05/21/2022
839	Jory	Axon	jaxonna@omniture.com	Male	178.106.32.101	05/13/2023
840	Briney	Postles	bpostlesnb@printfriendly.com	Female	82.175.117.227	07/01/2022
841	Isadora	Elix	ielixnc@usda.gov	Female	89.81.73.101	09/20/2022
842	Free	Thomassen	fthomassennd@netvibes.com	Male	137.42.225.86	11/18/2022
843	Dasi	Janaway	djanawayne@trellian.com	Female	180.135.58.16	10/13/2022
844	Daisey	Coils	dcoilsnf@trellian.com	Female	25.239.68.35	07/26/2022
845	Ferris	Reichert	freichertng@pen.io	Agender	132.60.248.215	06/09/2022
846	Matelda	Hambric	mhambricnh@infoseek.co.jp	Non-binary	103.111.27.176	03/24/2023
847	Farah	Cornels	fcornelsni@mtv.com	Female	175.53.3.135	05/09/2023
848	Collette	Paskin	cpaskinnj@cdc.gov	Female	117.115.94.24	07/15/2022
849	Rawley	Vardie	rvardienk@instagram.com	Male	149.118.78.135	05/19/2022
850	Sarge	Fone	sfonenl@eepurl.com	Male	194.192.32.79	06/21/2022
851	Angie	Grichukhin	agrichukhinnm@hud.gov	Female	123.161.62.51	02/26/2023
852	Freddy	Hawkes	fhawkesnn@mozilla.com	Female	140.41.19.144	02/13/2023
853	Mandel	Gorling	mgorlingno@opera.com	Male	154.239.15.62	09/29/2022
854	Jenica	Kibblewhite	jkibblewhitenp@admin.ch	Female	128.66.83.171	09/17/2022
855	Isa	Durrans	idurransnq@senate.gov	Male	154.174.141.29	06/30/2022
856	Rikki	Castledine	rcastledinenr@woothemes.com	Female	109.144.12.183	01/25/2023
857	Darcee	Mingardi	dmingardins@reuters.com	Female	154.95.82.80	12/11/2022
858	Caria	Horwell	chorwellnt@mapquest.com	Female	237.179.234.125	08/06/2022
859	Mary	Tissell	mtissellnu@youtu.be	Female	53.238.114.30	03/01/2023
860	Dorelle	Salmen	dsalmennv@go.com	Female	140.155.30.97	09/12/2022
861	Cristiano	Carefull	ccarefullnw@is.gd	Male	245.154.104.113	08/15/2022
862	Tobi	Rowet	trowetnx@amazon.co.jp	Female	159.248.249.214	06/24/2022
863	Pedro	Pooly	ppoolyny@wired.com	Male	158.81.76.24	11/01/2022
864	Roby	Doggerell	rdoggerellnz@furl.net	Female	211.69.86.145	08/05/2022
865	Kermy	Favill	kfavillo0@economist.com	Male	79.226.154.188	01/11/2023
866	Guthry	Kalkhoven	gkalkhoveno1@si.edu	Polygender	118.81.39.17	01/21/2023
867	Tony	Manchester	tmanchestero2@imgur.com	Female	209.75.194.165	03/01/2023
868	Robina	Stace	rstaceo3@aboutads.info	Female	216.16.55.220	09/29/2022
869	Jo	Nance	jnanceo4@geocities.jp	Female	236.2.57.225	12/27/2022
870	Rutherford	Robbie	rrobbieo5@furl.net	Male	214.129.94.217	09/17/2022
871	Tymon	Wing	twingo6@hibu.com	Male	131.103.5.0	07/18/2022
872	Sterling	McCready	smccreadyo7@free.fr	Male	213.238.248.5	09/09/2022
873	Miltie	Swash	mswasho8@oakley.com	Male	52.60.34.17	07/25/2022
874	Revkah	McDowall	rmcdowallo9@prnewswire.com	Female	97.84.226.11	08/15/2022
875	Jedidiah	Hinder	jhinderoa@pcworld.com	Male	71.65.83.83	12/26/2022
876	Mame	Diggar	mdiggarob@skyrock.com	Female	121.211.149.29	07/25/2022
877	Olly	Grimsdyke	ogrimsdykeoc@flickr.com	Male	154.48.121.92	09/06/2022
878	Urbano	Macari	umacariod@whitehouse.gov	Bigender	14.112.157.221	05/16/2022
879	Annetta	Denton	adentonoe@nydailynews.com	Female	218.242.141.234	01/29/2023
880	Ellyn	Kopke	ekopkeof@cdc.gov	Female	20.86.130.203	06/23/2022
881	Aldridge	Raccio	araccioog@google.de	Male	65.196.173.196	04/29/2023
882	Maybelle	Rivalant	mrivalantoh@admin.ch	Agender	157.214.4.112	11/01/2022
883	Nick	Oehm	noehmoi@archive.org	Male	68.19.124.164	12/17/2022
884	Sully	Jablonski	sjablonskioj@ed.gov	Male	99.88.36.15	09/14/2022
885	Dillon	Eglaise	deglaiseok@ucla.edu	Male	225.26.19.75	10/25/2022
886	Gustie	Fontanet	gfontanetol@php.net	Female	247.127.129.223	07/12/2022
887	Chevy	MacLaughlin	cmaclaughlinom@g.co	Male	219.108.138.209	02/18/2023
888	Regan	Lavarack	rlavarackon@google.fr	Male	214.64.56.52	03/28/2023
889	Jae	Stuckes	jstuckesoo@clickbank.net	Male	60.32.10.114	04/23/2023
890	Meade	Durante	mduranteop@elegantthemes.com	Female	39.201.43.10	07/04/2022
891	Tiphani	Swindin	tswindinoq@istockphoto.com	Female	61.36.222.119	01/05/2023
892	Brod	Jurczyk	bjurczykor@uiuc.edu	Male	31.218.219.251	07/01/2022
893	Bartlet	Lunney	blunneyos@yale.edu	Male	94.193.69.181	08/29/2022
894	Angelina	Coghill	acoghillot@amazon.de	Female	127.189.91.78	01/22/2023
895	Mable	Ryde	mrydeou@nyu.edu	Female	163.167.180.149	09/22/2022
896	Justus	Hallewell	jhallewellov@so-net.ne.jp	Male	118.200.73.233	02/22/2023
897	Serge	Gascoigne	sgascoigneow@jimdo.com	Male	75.31.173.34	06/10/2022
898	Jone	Linley	jlinleyox@whitehouse.gov	Male	156.51.67.34	03/24/2023
899	Kacey	Ganley	kganleyoy@paypal.com	Female	230.57.200.117	12/20/2022
900	Carina	Bolzen	cbolzenoz@instagram.com	Female	96.243.98.253	05/23/2022
901	Lek	Couttes	lcouttesp0@example.com	Male	110.244.194.212	09/26/2022
902	Lila	Gloucester	lgloucesterp1@prweb.com	Female	156.180.153.80	05/24/2022
903	Lemmy	Anespie	lanespiep2@fotki.com	Male	213.181.37.41	09/01/2022
904	Nataline	Puddephatt	npuddephattp3@alexa.com	Female	126.32.133.148	04/11/2023
905	Towny	Berrie	tberriep4@ihg.com	Male	37.192.105.50	01/10/2023
906	Doti	Cleyburn	dcleyburnp5@chronoengine.com	Female	3.5.196.189	11/29/2022
907	Ardella	Dogerty	adogertyp6@cbsnews.com	Female	85.144.59.156	05/16/2022
908	Gwenni	Wharram	gwharramp7@youtube.com	Female	251.148.87.190	01/02/2023
909	Annabella	Cassedy	acassedyp8@last.fm	Female	153.21.31.210	11/07/2022
910	Birk	Simionescu	bsimionescup9@netlog.com	Male	153.99.231.231	02/02/2023
911	Dick	Kubalek	dkubalekpa@amazon.co.jp	Male	119.224.63.91	06/05/2022
912	Stanislas	Brawley	sbrawleypb@aboutads.info	Male	159.209.44.88	01/12/2023
913	Essa	Meuse	emeusepc@yale.edu	Female	187.8.241.39	07/13/2022
914	Ram	Bowers	rbowerspd@state.tx.us	Male	16.187.153.60	04/08/2023
915	Weston	Cocke	wcockepe@harvard.edu	Male	176.4.210.115	04/01/2023
916	Casper	Dunk	cdunkpf@cnbc.com	Male	94.6.85.230	03/11/2023
917	Cross	Grigorey	cgrigoreypg@typepad.com	Male	152.83.115.115	06/25/2022
918	Thomasine	Cobson	tcobsonph@umn.edu	Polygender	114.34.220.82	01/28/2023
919	Mahalia	Deeman	mdeemanpi@wikia.com	Female	117.203.241.84	09/25/2022
920	Tracy	Treadger	ttreadgerpj@eventbrite.com	Female	253.240.218.82	03/27/2023
921	Annemarie	Furby	afurbypk@cam.ac.uk	Female	105.50.209.115	01/28/2023
922	Cully	Vize	cvizepl@bloomberg.com	Male	128.128.171.142	06/03/2022
923	Cecilla	Bramley	cbramleypm@hao123.com	Female	38.145.119.247	01/03/2023
924	Eunice	Adnam	eadnampn@fotki.com	Female	253.195.12.62	02/21/2023
925	Marcus	Aguirre	maguirrepo@geocities.com	Male	154.57.215.45	02/26/2023
926	Luise	Wahncke	lwahnckepp@webmd.com	Female	65.40.158.194	12/15/2022
927	Morly	Defries	mdefriespq@wired.com	Male	177.174.205.4	06/07/2022
928	Ingrid	Fayers	ifayerspr@google.de	Female	87.145.206.74	06/21/2022
929	Clarine	Crosi	ccrosips@jalbum.net	Female	73.90.165.154	09/07/2022
930	Eustace	Antrobus	eantrobuspt@cisco.com	Male	198.222.131.9	10/28/2022
931	Paolina	Ghidoli	pghidolipu@amazon.de	Female	150.51.177.54	09/13/2022
932	Blondell	Antonetti	bantonettipv@businessinsider.com	Female	2.245.237.193	03/21/2023
933	Austen	Balloch	aballochpw@360.cn	Male	180.168.62.96	12/12/2022
934	Claretta	Normavill	cnormavillpx@discovery.com	Female	23.20.28.51	09/12/2022
935	Linc	Donnellan	ldonnellanpy@4shared.com	Male	121.190.229.124	06/03/2022
936	Arline	Konertz	akonertzpz@npr.org	Female	60.60.0.210	11/02/2022
937	Kendrick	Leah	kleahq0@goo.ne.jp	Male	170.154.99.99	11/04/2022
938	Berri	Lavigne	blavigneq1@newsvine.com	Female	198.161.203.249	07/07/2022
939	Chancey	Wooller	cwoollerq2@cmu.edu	Male	229.24.84.73	08/09/2022
940	Trevor	Hawkeswood	thawkeswoodq3@slideshare.net	Male	78.70.233.168	04/22/2023
941	Hastings	Harms	hharmsq4@bravesites.com	Male	127.152.86.110	11/21/2022
942	Minnie	Lowers	mlowersq5@w3.org	Female	169.165.90.190	06/14/2022
943	Vi	Petts	vpettsq6@nyu.edu	Female	44.229.171.226	07/27/2022
944	Dodie	Jorn	djornq7@cnn.com	Genderqueer	91.216.155.183	11/08/2022
945	Inger	Hucquart	ihucquartq8@theglobeandmail.com	Female	201.148.228.250	07/23/2022
946	Tristan	Streeting	tstreetingq9@networksolutions.com	Male	68.138.119.171	09/10/2022
947	Yancey	Ewen	yewenqa@cbc.ca	Male	70.149.20.230	01/19/2023
948	Free	Bonnin	fbonninqb@nih.gov	Genderfluid	91.201.252.36	09/10/2022
949	Matthiew	Poulsen	mpoulsenqc@topsy.com	Male	253.123.4.45	02/17/2023
950	Lucie	Shrieve	lshrieveqd@comsenz.com	Bigender	52.107.231.3	03/20/2023
951	Ettore	Coombe	ecoombeqe@artisteer.com	Male	62.139.72.242	09/10/2022
952	Felic	Jammes	fjammesqf@elegantthemes.com	Male	254.121.59.131	10/01/2022
953	Adora	Harverson	aharversonqg@pagesperso-orange.fr	Female	160.128.111.249	11/04/2022
954	Chilton	Emmet	cemmetqh@twitter.com	Male	209.172.194.245	07/09/2022
955	Ambrosius	Sirmond	asirmondqi@psu.edu	Male	250.114.93.64	06/24/2022
956	Gabriellia	Stiling	gstilingqj@ebay.co.uk	Female	121.192.177.93	11/20/2022
957	Rowan	Grindlay	rgrindlayqk@boston.com	Male	113.119.251.13	01/06/2023
958	Joni	Clendening	jclendeningql@yolasite.com	Female	197.114.122.87	01/23/2023
959	Christan	Thaw	cthawqm@gmpg.org	Female	67.123.7.116	01/25/2023
960	Robbyn	Larive	rlariveqn@eepurl.com	Female	7.71.242.80	03/16/2023
961	Stephanie	Roja	srojaqo@mail.ru	Female	159.217.43.81	01/31/2023
962	Langsdon	Mallatratt	lmallatrattqp@biblegateway.com	Male	212.217.212.0	12/20/2022
963	Caresa	Burdekin	cburdekinqq@pagesperso-orange.fr	Female	105.174.195.194	06/20/2022
964	Myrilla	Spaunton	mspauntonqr@elpais.com	Female	25.11.2.87	04/22/2023
965	Ozzie	Mepham	omephamqs@amazonaws.com	Male	198.109.30.81	02/27/2023
966	Charo	Skelhorne	cskelhorneqt@symantec.com	Female	142.154.243.202	10/07/2022
967	Perrine	Buard	pbuardqu@squarespace.com	Female	93.184.224.121	04/25/2023
968	Wyn	Haskur	whaskurqv@unicef.org	Male	214.97.122.38	11/11/2022
969	Waldo	Swale	wswaleqw@blogspot.com	Male	105.120.78.191	10/27/2022
970	Janel	Baume	jbaumeqx@ocn.ne.jp	Female	78.162.133.6	04/21/2023
971	Douglas	Skin	dskinqy@discuz.net	Male	63.79.62.11	12/18/2022
972	Aubine	Varren	avarrenqz@soundcloud.com	Female	198.79.154.208	06/19/2022
973	Jody	Janssens	jjanssensr0@sphinn.com	Female	146.202.230.6	06/19/2022
974	Pauli	Waldren	pwaldrenr1@ftc.gov	Female	150.106.222.152	01/05/2023
975	Trey	Giacobazzi	tgiacobazzir2@wix.com	Male	84.71.202.26	04/10/2023
976	Kenton	Scowcraft	kscowcraftr3@icio.us	Male	67.43.205.48	10/21/2022
977	Rayshell	Krolik	rkrolikr4@cisco.com	Female	2.49.120.239	05/07/2023
978	Maribeth	Klimczak	mklimczakr5@yellowpages.com	Female	30.106.179.197	12/27/2022
979	Clevie	Tindall	ctindallr6@plala.or.jp	Male	63.138.170.154	11/17/2022
980	Emma	Letteresse	eletteresser7@discovery.com	Female	113.90.158.44	02/09/2023
981	Rab	Lepick	rlepickr8@china.com.cn	Male	0.102.230.201	03/03/2023
982	Noni	Caltun	ncaltunr9@google.it	Female	0.187.149.163	05/06/2023
983	Kaitlynn	Ondrich	kondrichra@uol.com.br	Female	66.41.201.141	10/05/2022
984	Horacio	Da Costa	hdacostarb@comcast.net	Male	247.163.156.3	07/19/2022
985	Iolanthe	Snedker	isnedkerrc@opera.com	Female	98.169.196.221	03/05/2023
986	Janeta	Bilbrook	jbilbrookrd@epa.gov	Female	241.171.45.184	02/01/2023
987	Sonny	Petroulis	spetroulisre@booking.com	Male	140.80.97.209	08/27/2022
988	Tate	Claybourne	tclaybournerf@yolasite.com	Female	117.203.131.216	02/27/2023
989	Doralin	Fay	dfayrg@ovh.net	Female	188.106.42.96	07/02/2022
990	Andras	Armfield	aarmfieldrh@paypal.com	Male	139.161.193.240	09/17/2022
991	Silvana	Loosemore	sloosemoreri@taobao.com	Female	102.23.117.6	07/02/2022
992	Candace	Churchin	cchurchinrj@utexas.edu	Genderfluid	13.32.254.223	12/02/2022
993	Beckie	Pember	bpemberrk@epa.gov	Female	199.138.252.148	04/16/2023
994	Catharina	Rait	craitrl@google.ca	Female	132.246.160.239	02/23/2023
995	Judah	Buckland	jbucklandrm@latimes.com	Male	164.210.92.115	07/09/2022
996	Dorena	Pavel	dpavelrn@delicious.com	Female	215.3.154.50	06/27/2022
997	Lucias	Trayte	ltraytero@state.gov	Male	42.202.127.151	04/04/2023
998	Cullin	Deverale	cdeveralerp@ovh.net	Male	20.228.191.17	08/11/2022
999	Therese	Spinks	tspinksrq@alexa.com	Agender	135.166.168.90	10/05/2022
1000	Aryn	Raitie	araitierr@fastcompany.com	Female	148.87.195.106	11/22/2022
