id,first_name,last_name,email,gender,ip_address,updated_at
1,Lorant,Sangwin,lsangwin0@addthis.com,Male,34.70.100.115,03/20/2023
2,Giovanni,Duffield,gduffield1@xrea.com,Male,58.11.195.24,05/21/2022
3,Carolann,Manssuer,cmanssuer2@wordpress.com,Female,14.23.41.140,06/25/2022
4,Farlay,Kiehnlt,fkiehnlt3@wiley.com,Male,255.103.119.35,10/12/2022
5,Matti,Messenbird,mmessenbird4@census.gov,Female,167.182.73.226,07/28/2022
6,Tremain,Solman,tsolman5@mediafire.com,Male,231.46.39.71,12/03/2022
7,Anabelle,Kuban,akuban6@barnesandnoble.com,Female,132.86.58.234,11/06/2022
8,Silas,Castagna,scastagna7@skype.com,Agender,62.77.68.234,08/04/2022
9,Etheline,Male,emale8@sbwire.com,Female,127.55.251.188,10/22/2022
10,Sayers,Arnull,sarnull9@google.nl,Male,101.202.104.92,08/07/2022
11,Nikki,Cartmill,ncartmilla@icq.com,Female,110.169.252.175,09/01/2022
12,Abram,Yes,ayesb@google.it,Male,59.25.212.251,05/26/2022
13,Elna,Rickaby,erickabyc@oracle.com,Female,95.25.157.84,07/26/2022
14,Alon,Clayfield,aclayfieldd@yellowpages.com,Male,221.49.195.28,06/01/2022
15,Annnora,Tirrell,atirrelle@mysql.com,Bigender,217.180.44.204,12/16/2022
16,Lisetta,Rissen,lrissenf@mozilla.com,Female,126.125.67.24,08/15/2022
17,Hattie,Rase,hraseg@51.la,Female,194.7.216.53,11/28/2022
18,Noll,Tissell,ntissellh@umn.edu,Male,195.26.56.247,05/27/2022
19,Jereme,Lauder,jlauderi@oaic.gov.au,Male,215.147.230.171,12/15/2022
20,Adi,Chieco,achiecoj@weather.com,Female,85.160.108.185,12/09/2022
21,Brynna,Kretschmer,bkretschmerk@disqus.com,Female,22.121.140.143,02/26/2023
22,Bibbie,Darrigrand,bdarrigrandl@weibo.com,Female,99.156.6.110,08/16/2022
23,Leland,Lermouth,llermouthm@google.nl,Male,173.239.139.175,12/04/2022
24,Jamey,Latan,jlatann@1und1.de,Male,70.51.63.169,10/19/2022
25,Christean,Court,ccourto@washington.edu,Female,185.81.10.110,10/26/2022
26,Darbie,Labitt,dlabittp@lulu.com,Female,107.88.58.138,12/17/2022
27,Tine,Coats,tcoatsq@cam.ac.uk,Female,21.149.146.63,05/15/2022
28,Drugi,Harryman,dharrymanr@mail.ru,Male,34.94.12.153,02/15/2023
29,Gilburt,Baudet,gbaudets@a8.net,Male,82.211.81.70,03/09/2023
30,Adella,Keemer,akeemert@dyndns.org,Female,176.109.20.223,11/16/2022
31,Boot,Caulkett,bcaulkettu@fc2.com,Male,178.108.209.214,09/23/2022
32,Petr,Penniall,ppenniallv@seattletimes.com,Male,55.178.185.179,11/10/2022
33,Sidney,Huggett,shuggettw@epa.gov,Male,245.241.59.69,11/30/2022
34,Alric,Bennedick,abennedickx@shop-pro.jp,Male,213.181.98.231,03/08/2023
35,Katinka,Larvent,klarventy@yale.edu,Female,184.148.233.46,04/16/2023
36,Etheline,Bottoms,ebottomsz@skype.com,Female,84.24.43.243,12/07/2022
37,Correy,Saura,csaura10@example.com,Male,44.156.68.34,02/16/2023
38,Jenny,Arrundale,jarrundale11@nsw.gov.au,Female,9.97.64.130,04/28/2023
39,Weidar,O' Mullan,womullan12@patch.com,Male,235.206.35.81,05/10/2023
40,Timmy,Blakemore,tblakemore13@omniture.com,Female,107.87.204.15,03/28/2023
41,Nicola,Alvis,nalvis14@sohu.com,Male,57.175.37.66,05/10/2023
42,Courtney,Feldbaum,cfeldbaum15@flickr.com,Female,136.37.56.91,10/14/2022
43,Bob,Murgatroyd,bmurgatroyd16@miibeian.gov.cn,Male,127.99.197.131,10/07/2022
44,Ber,Puckett,bpuckett17@dion.ne.jp,Male,74.153.77.223,07/28/2022
45,Bernadine,Cranmore,bcranmore18@etsy.com,Female,93.232.22.201,04/26/2023
46,Siobhan,Naton,snaton19@dropbox.com,Female,199.59.237.155,06/26/2022
47,Lisetta,Britten,lbritten1a@redcross.org,Female,235.174.216.27,07/05/2022
48,Iggie,How to preserve,ihowtopreserve1b@tumblr.com,Male,212.163.7.17,08/01/2022
49,Odelinda,Eakeley,oeakeley1c@lycos.com,Female,200.150.250.83,12/30/2022
50,Armstrong,Jobbings,ajobbings1d@marriott.com,Male,219.125.111.48,06/24/2022
51,Brittany,Skelding,bskelding1e@weather.com,Female,78.208.141.148,02/05/2023
52,Eleni,Kellar,ekellar1f@chron.com,Female,177.190.67.8,12/25/2022
53,Patrizio,Copland,pcopland1g@netlog.com,Male,187.158.95.216,01/26/2023
54,Leighton,Shucksmith,lshucksmith1h@typepad.com,Bigender,183.215.61.64,11/26/2022
55,Corrinne,MacRierie,cmacrierie1i@booking.com,Female,82.225.11.188,08/19/2022
56,Ardys,Aldersea,aaldersea1j@parallels.com,Female,142.169.41.218,02/28/2023
57,Rena,Iskow,riskow1k@networksolutions.com,Female,95.193.165.252,09/10/2022
58,Antonius,Manzell,amanzell1l@example.com,Male,2.53.180.160,09/16/2022
59,Coriss,Prestedge,cprestedge1m@bbb.org,Female,178.96.106.180,02/16/2023
60,Marie-jeanne,Shilito,mshilito1n@weebly.com,Female,95.88.209.206,06/10/2022
61,Lazarus,Montier,lmontier1o@freewebs.com,Male,120.114.101.101,07/16/2022
62,Rafaellle,Davidai,rdavidai1p@bloglovin.com,Male,181.59.152.134,05/30/2022
63,Sharlene,Giacobazzi,sgiacobazzi1q@microsoft.com,Female,237.41.25.8,01/14/2023
64,Nikolia,Roff,nroff1r@google.com.au,Female,50.94.204.46,05/30/2022
65,Daisy,Gimson,dgimson1s@t.co,Female,118.185.117.129,02/23/2023
66,Ilse,Farlowe,ifarlowe1t@1688.com,Bigender,191.40.254.240,05/31/2022
67,Thia,Caghan,tcaghan1u@ustream.tv,Female,222.226.60.153,09/01/2022
68,Jesselyn,Bleything,jbleything1v@miibeian.gov.cn,Female,78.117.88.236,04/19/2023
69,Orton,Morstatt,omorstatt1w@miitbeian.gov.cn,Male,183.4.176.64,10/25/2022
70,Eustace,Bonhill,ebonhill1x@rakuten.co.jp,Male,150.10.80.124,04/16/2023
71,Chrysler,Cowlishaw,ccowlishaw1y@dagondesign.com,Agender,181.31.105.19,12/13/2022
72,Sybila,Werndley,swerndley1z@exblog.jp,Female,202.81.238.78,03/29/2023
73,Alysa,Chevolleau,achevolleau20@howstuffworks.com,Female,13.235.135.224,09/09/2022
74,Janelle,Clines,jclines21@cnbc.com,Female,129.224.144.250,11/10/2022
75,Jamaal,Strover,jstrover22@independent.co.uk,Polygender,182.39.243.187,06/16/2022
76,Bennie,Attwool,battwool23@posterous.com,Male,12.194.243.116,11/02/2022
77,Currie,Gyngell,cgyngell24@vinaora.com,Male,193.62.124.128,03/26/2023
78,Donnie,Gissing,dgissing25@biblegateway.com,Male,224.94.15.212,02/12/2023
79,Pammi,Burtwell,pburtwell26@php.net,Female,219.201.164.123,06/22/2022
80,Shelagh,Grinnikov,sgrinnikov27@vk.com,Female,50.136.189.180,01/05/2023
81,Aurthur,Bosley,abosley28@about.me,Male,0.231.181.225,11/14/2022
82,Vanni,Twinborne,vtwinborne29@icq.com,Female,135.8.81.34,12/14/2022
83,Cleo,Leeb,cleeb2a@hp.com,Female,9.30.38.129,04/20/2023
84,Rafe,Rakes,rrakes2b@csmonitor.com,Male,66.50.210.137,07/24/2022
85,Germayne,Joe,gjoe2c@usatoday.com,Male,113.12.123.123,01/12/2023
86,Collete,Antonowicz,cantonowicz2d@howstuffworks.com,Female,17.128.75.223,09/23/2022
87,Frank,Gooms,fgooms2e@yandex.ru,Female,194.111.102.184,05/28/2022
88,Hermine,Reppaport,hreppaport2f@1688.com,Female,13.183.198.234,03/27/2023
89,Moe,Hedlestone,mhedlestone2g@woothemes.com,Male,27.56.148.61,04/21/2023
90,Sarina,McFie,smcfie2h@csmonitor.com,Female,77.29.96.26,03/11/2023
91,Herc,Foyle,hfoyle2i@ezinearticles.com,Male,78.123.72.217,07/07/2022
92,Eden,Broxton,ebroxton2j@omniture.com,Female,155.218.63.21,01/02/2023
93,Prudence,Tearle,ptearle2k@clickbank.net,Female,48.119.7.46,11/04/2022
94,Billie,McCosker,bmccosker2l@jalbum.net,Female,40.214.146.145,02/26/2023
95,Gertrud,Merrick,gmerrick2m@geocities.jp,Female,218.126.252.177,05/07/2023
96,Marylin,Rigby,mrigby2n@wp.com,Female,231.36.3.155,07/17/2022
97,Wilmar,Blonfield,wblonfield2o@chronoengine.com,Male,212.108.35.154,02/10/2023
98,Colan,Dolman,cdolman2p@seattletimes.com,Male,22.23.63.65,09/05/2022
99,Amaleta,Meir,ameir2q@nytimes.com,Female,192.160.53.181,07/23/2022
100,Nita,Shinefield,nshinefield2r@purevolume.com,Female,39.41.228.157,05/12/2022
101,Ethel,Norgan,enorgan2s@redcross.org,Female,48.40.32.215,11/01/2022
102,Kimberlee,Le Quesne,klequesne2t@vkontakte.ru,Female,142.175.241.11,12/29/2022
103,Aurore,Duetschens,aduetschens2u@japanpost.jp,Female,14.191.1.39,07/11/2022
104,Johnnie,Redmile,jredmile2v@google.co.uk,Male,96.144.31.101,02/01/2023
105,Aurelea,Barnsdale,abarnsdale2w@google.com.au,Female,73.119.52.170,08/03/2022
106,Ilyse,Ruhben,iruhben2x@bbb.org,Female,201.135.79.182,01/23/2023
107,Lanie,Millican,lmillican2y@archive.org,Female,232.174.69.15,06/15/2022
108,Edmon,Petruk,epetruk2z@cnet.com,Male,119.98.121.161,04/29/2023
109,Gizela,Scrammage,gscrammage30@sbwire.com,Female,1.217.169.174,02/12/2023
110,Kimmie,Berntssen,kberntssen31@timesonline.co.uk,Bigender,43.105.29.112,09/16/2022
111,Pen,Devas,pdevas32@icq.com,Male,128.212.150.152,08/19/2022
112,Georg,Fifoot,gfifoot33@dion.ne.jp,Male,164.119.27.105,07/09/2022
113,Karmen,Blamires,kblamires34@usda.gov,Female,29.211.255.6,07/20/2022
114,Vinny,Upham,vupham35@yahoo.com,Genderfluid,191.101.238.154,07/01/2022
115,Aguste,Chatwin,achatwin36@bravesites.com,Male,43.93.149.177,05/21/2022
116,Joby,Hellings,jhellings37@mapy.cz,Female,50.32.83.190,08/27/2022
117,Chevy,McVitie,cmcvitie38@acquirethisname.com,Non-binary,207.33.253.84,03/06/2023
118,Jolynn,Matovic,jmatovic39@oaic.gov.au,Female,99.233.219.94,07/24/2022
119,Kiah,Sycamore,ksycamore3a@cmu.edu,Female,111.102.135.229,11/20/2022
120,Nathalia,Vurley,nvurley3b@dyndns.org,Polygender,42.168.205.85,12/12/2022
121,Maddy,Schaben,mschaben3c@vinaora.com,Female,111.197.200.148,05/20/2022
122,Darrel,Donat,ddonat3d@joomla.org,Male,61.221.41.126,10/28/2022
123,Benedetta,Giorgeschi,bgiorgeschi3e@irs.gov,Female,78.114.125.108,12/04/2022
124,Dev,Bridat,dbridat3f@mediafire.com,Male,200.176.12.19,08/01/2022
125,Barbey,Maddra,bmaddra3g@tmall.com,Female,152.224.69.123,10/31/2022
126,Hinda,Kornilyev,hkornilyev3h@imgur.com,Female,132.129.206.14,07/01/2022
127,Mordy,Stammler,mstammler3i@simplemachines.org,Male,126.13.59.143,10/14/2022
128,Lyn,Josephsen,ljosephsen3j@disqus.com,Genderfluid,231.48.40.31,11/25/2022
129,Costanza,Filppetti,cfilppetti3k@rakuten.co.jp,Female,157.198.136.255,03/22/2023
130,Davey,Gandy,dgandy3l@about.com,Male,25.35.115.95,11/11/2022
131,Gaye,Whatling,gwhatling3m@blogspot.com,Female,236.91.25.56,12/14/2022
132,Lisbeth,Chritchlow,lchritchlow3n@google.co.uk,Female,161.93.104.0,06/26/2022
133,Emmye,Pitson,epitson3o@naver.com,Female,50.131.255.217,08/17/2022
134,Marybeth,Bendan,mbendan3p@123-reg.co.uk,Genderfluid,114.44.197.234,12/26/2022
135,Carmon,Whitaker,cwhitaker3q@si.edu,Genderfluid,225.231.17.41,04/08/2023
136,Tony,Brunner,tbrunner3r@princeton.edu,Male,251.51.35.127,09/12/2022
137,Antonia,Kubes,akubes3s@google.com.br,Female,1.55.254.156,03/02/2023
138,Conni,Minty,cminty3t@artisteer.com,Female,70.180.34.99,01/13/2023
139,Donaugh,Di Iorio,ddiiorio3u@digg.com,Male,96.32.93.8,09/21/2022
140,Margaretta,Messier,mmessier3v@irs.gov,Female,127.129.232.107,02/11/2023
141,Teodoro,Spargo,tspargo3w@bizjournals.com,Male,69.178.169.217,08/24/2022
142,Kinsley,Sisselot,ksisselot3x@vistaprint.com,Male,129.25.188.1,03/15/2023
143,Willi,Thorne,wthorne3y@google.fr,Female,24.242.0.52,09/18/2022
144,Jonie,Race,jrace3z@mediafire.com,Female,67.53.0.179,12/03/2022
145,Doe,Kingzett,dkingzett40@theglobeandmail.com,Female,106.185.23.229,04/20/2023
146,Konstanze,Thing,kthing41@opensource.org,Non-binary,132.87.72.115,04/09/2023
147,Uta,Toffler,utoffler42@123-reg.co.uk,Female,115.14.100.90,05/15/2022
148,Tessy,Taffe,ttaffe43@craigslist.org,Female,83.57.195.250,07/09/2022
149,Bent,Carlin,bcarlin44@newsvine.com,Genderfluid,58.124.244.50,09/18/2022
150,Dulcea,Dimic,ddimic45@google.com.au,Genderqueer,178.81.84.196,08/19/2022
151,Andreana,Wraggs,awraggs46@vinaora.com,Female,165.191.142.69,04/24/2023
152,Albrecht,Calbreath,acalbreath47@yolasite.com,Male,172.233.244.201,09/25/2022
153,Tabby,Negri,tnegri48@ebay.com,Female,244.164.100.140,11/07/2022
154,Jorgan,Maudling,jmaudling49@angelfire.com,Male,7.124.127.49,03/10/2023
155,Ali,Pashenkov,apashenkov4a@smh.com.au,Male,213.237.40.231,07/23/2022
156,Tadeas,Beake,tbeake4b@youtube.com,Male,21.157.229.51,12/28/2022
157,Jerrilee,Hanhart,jhanhart4c@lycos.com,Female,167.94.76.226,10/11/2022
158,Josee,Gehring,jgehring4d@moonfruit.com,Female,128.23.238.49,08/23/2022
159,Tyrus,Audenis,taudenis4e@senate.gov,Male,255.53.78.64,03/17/2023
160,Jodie,Pearmain,jpearmain4f@google.co.jp,Female,101.181.143.250,09/08/2022
161,Lonnie,Poser,lposer4g@princeton.edu,Female,58.76.231.204,11/05/2022
162,Morly,Howel,mhowel4h@wired.com,Male,121.0.91.88,05/03/2023
163,Egon,McAughtrie,emcaughtrie4i@howstuffworks.com,Male,205.219.214.13,06/27/2022
164,Jorgan,Ottery,jottery4j@salon.com,Male,145.237.60.235,06/11/2022
165,Morton,Briar,mbriar4k@liveinternet.ru,Male,105.177.116.127,06/03/2022
166,Allsun,Mayte,amayte4l@wikimedia.org,Female,178.26.154.6,12/02/2022
167,Sigmund,Shee,sshee4m@hatena.ne.jp,Male,64.135.170.69,07/14/2022
168,Janice,Darnbrook,jdarnbrook4n@hatena.ne.jp,Female,211.98.55.200,03/20/2023
169,Remy,Lindop,rlindop4o@upenn.edu,Female,200.237.191.184,05/18/2022
170,Broddy,Laird,blaird4p@hhs.gov,Male,111.167.226.199,05/11/2022
171,Angelita,Gatchell,agatchell4q@ft.com,Female,14.213.96.224,06/20/2022
172,Clevey,Ottewell,cottewell4r@google.com.au,Male,141.43.133.233,03/12/2023
173,Sherlocke,Pady,spady4s@wiley.com,Bigender,175.231.249.146,12/13/2022
174,Minne,Birchner,mbirchner4t@reuters.com,Female,212.97.254.165,03/27/2023
175,Obie,Kellock,okellock4u@blogger.com,Male,124.175.184.30,12/06/2022
176,Charyl,Coughan,ccoughan4v@opensource.org,Female,224.236.67.191,04/22/2023
177,Wilburt,Doohan,wdoohan4w@sciencedirect.com,Male,115.68.78.58,12/05/2022
178,Iolanthe,Parkman,iparkman4x@google.cn,Female,78.58.46.182,01/24/2023
179,Celeste,Dibbs,cdibbs4y@opensource.org,Bigender,75.253.26.240,11/07/2022
180,Melinda,Forten,mforten4z@jimdo.com,Female,58.136.144.199,11/20/2022
181,Dare,Philippe,dphilippe50@usa.gov,Male,190.234.197.84,05/21/2022
182,Amory,Shwenn,ashwenn51@last.fm,Male,45.10.138.205,08/17/2022
183,Ellary,Carillo,ecarillo52@springer.com,Male,227.45.156.155,08/26/2022
184,Nannie,Swainson,nswainson53@cdc.gov,Female,105.84.109.175,04/10/2023
185,Ertha,Antonoczyk,eantonoczyk54@home.pl,Female,182.82.20.172,01/22/2023
186,Fifi,Verson,fverson55@usa.gov,Female,102.58.51.141,03/18/2023
187,Mac,Farbrother,mfarbrother56@blogger.com,Male,104.178.192.160,08/30/2022
188,Kelley,Ferrao,kferrao57@multiply.com,Male,143.144.175.108,07/16/2022
189,Kial,Driver,kdriver58@nih.gov,Female,111.242.170.10,09/07/2022
190,Rikki,Rennles,rrennles59@goo.gl,Male,79.149.214.6,02/07/2023
191,Towny,Quincey,tquincey5a@ebay.com,Male,200.60.151.75,01/12/2023
192,Vanessa,Farrent,vfarrent5b@nytimes.com,Female,217.106.131.5,06/22/2022
193,Riki,Ripon,rripon5c@archive.org,Female,127.224.89.61,05/12/2022
194,Maryjo,Lello,mlello5d@marriott.com,Female,150.6.208.31,03/25/2023
195,Kele,Doleman,kdoleman5e@g.co,Male,174.8.251.118,11/23/2022
196,Sonnie,Cullinane,scullinane5f@independent.co.uk,Male,196.120.109.188,09/24/2022
197,Van,Collingdon,vcollingdon5g@cmu.edu,Female,98.91.126.54,06/19/2022
198,Xena,Wagstaff,xwagstaff5h@wix.com,Female,24.214.104.231,08/14/2022
199,Maryanne,Sargant,msargant5i@livejournal.com,Female,180.9.204.81,01/24/2023
200,Misty,Dallaghan,mdallaghan5j@java.com,Female,60.236.125.220,01/09/2023
201,Shirlee,Djuricic,sdjuricic5k@hostgator.com,Female,79.127.43.145,10/12/2022
202,Bond,Ellul,bellul5l@arizona.edu,Male,255.203.26.207,05/02/2023
203,Cassy,Avory,cavory5m@guardian.co.uk,Female,148.23.98.183,11/02/2022
204,Heath,Chastelain,hchastelain5n@apache.org,Agender,89.102.74.174,08/16/2022
205,Veronika,Tregear,vtregear5o@amazon.co.jp,Female,96.140.103.80,04/20/2023
206,Free,Vian,fvian5p@sphinn.com,Polygender,44.168.220.56,09/03/2022
207,Durante,Sirl,dsirl5q@eventbrite.com,Genderfluid,59.235.5.255,08/02/2022
208,Jacintha,Nisard,jnisard5r@acquirethisname.com,Female,116.164.227.201,11/19/2022
209,Viola,Leve,vleve5s@zimbio.com,Female,242.175.162.157,04/02/2023
210,Syd,McAviy,smcaviy5t@creativecommons.org,Male,41.157.239.6,12/06/2022
211,Eliza,Herries,eherries5u@fastcompany.com,Female,225.30.76.48,06/14/2022
212,Juliette,Goodram,jgoodram5v@ameblo.jp,Genderfluid,251.89.236.213,04/10/2023
213,Noella,Dibbs,ndibbs5w@clickbank.net,Female,143.72.244.180,09/13/2022
214,Pierette,Klimschak,pklimschak5x@ucsd.edu,Genderqueer,60.138.7.182,03/31/2023
215,Bone,Ingarfield,bingarfield5y@nbcnews.com,Male,20.139.232.21,02/14/2023
216,Augustus,Beech,abeech5z@rediff.com,Male,66.59.143.206,10/13/2022
217,Sorcha,Meineking,smeineking60@earthlink.net,Female,66.82.147.161,04/22/2023
218,Zita,Dickman,zdickman61@rakuten.co.jp,Female,232.95.235.135,05/07/2023
219,Wally,Haddrell,whaddrell62@google.ca,Male,200.130.12.130,11/10/2022
220,Kean,Reinisch,kreinisch63@uol.com.br,Male,201.216.83.110,01/27/2023
221,Maridel,Chinn,mchinn64@geocities.jp,Female,62.239.160.122,06/04/2022
222,Fremont,Samuels,fsamuels65@google.ca,Male,250.91.138.171,01/04/2023
223,Cecile,Keogh,ckeogh66@cmu.edu,Female,76.71.250.230,07/27/2022
224,Katleen,Carlyle,kcarlyle67@nifty.com,Female,94.147.172.130,01/12/2023
225,Bale,Kinchington,bkinchington68@symantec.com,Male,138.37.39.50,07/03/2022
226,Joanna,Crossley,jcrossley69@ftc.gov,Female,219.109.158.143,07/27/2022
227,Osbert,Caulton,ocaulton6a@ebay.com,Male,202.7.14.96,01/15/2023
228,Colette,Arkcoll,carkcoll6b@twitpic.com,Female,238.201.6.14,09/17/2022
229,Roderigo,Fothergill,rfothergill6c@ft.com,Male,79.227.201.45,09/20/2022
230,Trudy,Burgett,tburgett6d@independent.co.uk,Female,29.192.249.99,09/25/2022
231,Waring,Feldmark,wfeldmark6e@51.la,Male,35.65.113.229,12/09/2022
232,Thom,Dunning,tdunning6f@vimeo.com,Male,238.61.23.135,04/26/2023
233,Ansell,Tearny,atearny6g@nih.gov,Male,45.1.192.28,03/01/2023
234,Koral,Curr,kcurr6h@imageshack.us,Female,70.131.249.225,04/25/2023
235,Kim,Wincott,kwincott6i@etsy.com,Female,215.109.241.48,06/06/2022
236,Calley,Philipot,cphilipot6j@nature.com,Female,24.6.94.204,01/12/2023
237,Eunice,Fowler,efowler6k@nifty.com,Female,14.101.106.197,04/27/2023
238,Lizzy,Checketts,lchecketts6l@squarespace.com,Female,57.23.143.57,08/21/2022
239,Augy,Challiner,achalliner6m@vinaora.com,Male,94.147.29.254,09/28/2022
240,Iggie,Flewan,iflewan6n@flavors.me,Male,138.171.23.165,03/22/2023
241,Rebe,Kunes,rkunes6o@over-blog.com,Female,199.108.62.11,09/29/2022
242,Galina,Flood,gflood6p@yahoo.com,Female,135.158.28.252,08/19/2022
243,Bjorn,Seint,bseint6q@ebay.co.uk,Non-binary,209.8.208.17,06/24/2022
244,Herta,Quinby,hquinby6r@google.de,Female,230.69.45.120,08/28/2022
245,Kerr,Harlow,kharlow6s@slate.com,Male,175.45.67.75,08/09/2022
246,Kayley,Fogden,kfogden6t@4shared.com,Female,166.107.104.168,03/09/2023
247,Carroll,Kyllford,ckyllford6u@wikipedia.org,Male,109.178.231.25,11/25/2022
248,Casper,Storms,cstorms6v@gravatar.com,Male,135.180.171.193,03/08/2023
249,Gamaliel,Struthers,gstruthers6w@timesonline.co.uk,Polygender,86.3.33.32,11/13/2022
250,Corabella,Nezey,cnezey6x@sciencedirect.com,Female,187.192.219.235,09/16/2022
251,Bonnie,Viste,bviste6y@wisc.edu,Female,185.5.131.97,02/22/2023
252,Jere,Garrett,jgarrett6z@comsenz.com,Male,244.163.119.220,07/02/2022
253,Kerwinn,Wyness,kwyness70@jalbum.net,Male,245.254.35.49,08/21/2022
254,Obie,O' Quirk,ooquirk71@google.ru,Male,243.85.56.54,07/17/2022
255,Felicle,Peeters,fpeeters72@cisco.com,Female,122.217.98.216,02/27/2023
256,Violette,Hanrahan,vhanrahan73@slate.com,Female,131.107.48.200,10/25/2022
257,Katharyn,Cristol,kcristol74@reference.com,Female,228.75.44.188,11/01/2022
258,Rudolfo,Possell,rpossell75@instagram.com,Male,15.96.15.111,03/22/2023
259,Anabel,Gillis,agillis76@answers.com,Female,123.2.36.83,02/08/2023
260,Mandel,Kauschke,mkauschke77@yelp.com,Bigender,76.121.174.147,09/15/2022
261,Tatiania,Challenger,tchallenger78@squidoo.com,Female,218.171.232.28,12/05/2022
262,Tony,Scandred,tscandred79@microsoft.com,Male,250.23.68.187,06/03/2022
263,Gifford,Fitzgerald,gfitzgerald7a@i2i.jp,Genderqueer,91.134.227.16,04/01/2023
264,Caspar,Teml,cteml7b@webnode.com,Male,77.172.247.76,09/20/2022
265,Fairleigh,Bampkin,fbampkin7c@intel.com,Male,143.147.235.146,12/22/2022
266,Virginie,Feander,vfeander7d@statcounter.com,Female,151.55.16.248,06/26/2022
267,Kat,Thirlaway,kthirlaway7e@state.tx.us,Female,88.60.198.236,03/20/2023
268,Gabbi,Holsey,gholsey7f@google.es,Female,114.251.9.20,08/16/2022
269,Hayward,Vanyashin,hvanyashin7g@myspace.com,Male,82.238.65.181,02/23/2023
270,Carleton,Ottiwill,cottiwill7h@freewebs.com,Polygender,10.17.85.110,12/07/2022
271,Benyamin,Salkeld,bsalkeld7i@devhub.com,Male,73.96.160.85,12/26/2022
272,Stepha,Slite,sslite7j@loc.gov,Female,67.173.116.143,10/11/2022
273,Quint,Twinborne,qtwinborne7k@pbs.org,Male,156.43.228.33,07/07/2022
274,Mitchael,Richardson,mrichardson7l@multiply.com,Male,235.24.200.181,07/20/2022
275,Hamlen,Bains,hbains7m@twitter.com,Male,110.31.9.38,01/30/2023
276,Elfreda,Pfeuffer,epfeuffer7n@tamu.edu,Female,74.148.99.134,09/24/2022
277,Myrilla,Vernau,mvernau7o@indiatimes.com,Female,224.199.218.25,03/08/2023
278,Angy,Woollcott,awoollcott7p@unblog.fr,Female,44.177.135.224,05/14/2022
279,Hedy,Laterza,hlaterza7q@1und1.de,Female,149.205.107.37,11/22/2022
280,Liv,Cockerell,lcockerell7r@vkontakte.ru,Non-binary,25.154.4.143,09/04/2022
281,Linnet,Ibbeson,libbeson7s@exblog.jp,Female,205.14.172.64,07/16/2022
282,Arnaldo,Yearnsley,ayearnsley7t@amazonaws.com,Male,233.146.139.194,05/17/2022
283,Logan,Silkstone,lsilkstone7u@hostgator.com,Male,61.166.252.189,01/23/2023
284,Iorgo,Pearsall,ipearsall7v@bloomberg.com,Male,40.209.119.18,08/27/2022
285,Roxie,Gerb,rgerb7w@qq.com,Female,230.140.52.22,04/18/2023
286,Maynard,Charnley,mcharnley7x@networkadvertising.org,Male,216.72.242.127,06/13/2022
287,Aloin,Aynold,aaynold7y@wp.com,Male,194.204.139.199,08/07/2022
288,Joelie,Oakeshott,joakeshott7z@wikipedia.org,Female,107.12.101.62,11/02/2022
289,Leann,Weild,lweild80@timesonline.co.uk,Female,193.46.4.136,09/25/2022
290,Audrey,Somerbell,asomerbell81@jalbum.net,Female,37.123.180.38,11/12/2022
291,Rivkah,McCarry,rmccarry82@wikispaces.com,Female,191.15.36.75,01/06/2023
292,Randy,Burgane,rburgane83@xinhuanet.com,Male,216.101.77.42,01/04/2023
293,Rafi,Steanson,rsteanson84@wired.com,Male,213.42.228.9,09/21/2022
294,Stavros,M'cowis,smcowis85@timesonline.co.uk,Polygender,5.71.138.26,12/19/2022
295,Olivero,Gravener,ogravener86@wufoo.com,Male,61.5.228.39,08/12/2022
296,Vi,Allan,vallan87@yolasite.com,Female,184.250.75.122,05/05/2023
297,Clarie,Ransom,cransom88@ftc.gov,Female,185.100.40.151,12/17/2022
298,Quinta,Haliburn,qhaliburn89@utexas.edu,Female,3.132.173.5,08/28/2022
299,Juanita,Reppaport,jreppaport8a@google.it,Female,150.128.105.55,10/09/2022
300,Ferdinande,Guilder,fguilder8b@intel.com,Female,210.53.147.161,06/10/2022
301,Roxana,Vigrass,rvigrass8c@theglobeandmail.com,Female,170.166.81.191,04/17/2023
302,Alisha,Doud,adoud8d@va.gov,Female,31.141.223.114,10/26/2022
303,Willi,Joskovitch,wjoskovitch8e@opera.com,Male,143.26.182.65,09/20/2022
304,Alvira,Smythe,asmythe8f@eventbrite.com,Female,77.39.78.131,08/28/2022
305,Suki,Dearan,sdearan8g@cyberchimps.com,Genderqueer,188.175.8.58,03/11/2023
306,Roxy,Thurlow,rthurlow8h@bloglovin.com,Female,43.24.243.87,08/25/2022
307,Adrian,Dall,adall8i@php.net,Male,217.11.184.63,10/08/2022
308,Linnea,Draycott,ldraycott8j@homestead.com,Female,153.45.44.240,05/10/2023
309,James,Ballinghall,jballinghall8k@si.edu,Male,227.175.203.227,01/10/2023
310,Beverlee,Kyle,bkyle8l@pbs.org,Female,143.163.107.150,09/08/2022
311,Osgood,Oakenfall,ooakenfall8m@pcworld.com,Male,170.75.82.43,02/01/2023
312,Eugenius,Skill,eskill8n@newyorker.com,Male,141.74.96.223,08/20/2022
313,Athene,O'Crevy,aocrevy8o@privacy.gov.au,Female,42.230.246.41,06/03/2022
314,Vasily,Sword,vsword8p@columbia.edu,Male,169.227.188.245,07/23/2022
315,Adrianne,McFarlane,amcfarlane8q@mozilla.com,Non-binary,26.29.101.172,11/11/2022
316,Wolfgang,Struys,wstruys8r@ucoz.ru,Male,116.153.193.56,07/14/2022
317,Hasheem,Schutter,hschutter8s@myspace.com,Male,136.17.4.247,06/10/2022
318,Anastasie,Whates,awhates8t@bloomberg.com,Female,107.0.181.38,01/24/2023
319,Emili,Bennett,ebennett8u@domainmarket.com,Genderfluid,143.198.89.107,01/08/2023
320,Julissa,Lockless,jlockless8v@unc.edu,Female,141.216.65.224,03/02/2023
321,Ian,Muffett,imuffett8w@vinaora.com,Male,25.188.47.26,01/23/2023
322,Marrilee,Sully,msully8x@elpais.com,Female,123.214.204.221,05/10/2023
323,Rheba,De Laci,rdelaci8y@wp.com,Female,236.68.118.208,02/16/2023
324,Angeli,O' Shea,aoshea8z@clickbank.net,Male,99.128.174.240,07/03/2022
325,Nicolle,Silbert,nsilbert90@fotki.com,Female,113.82.197.193,12/14/2022
326,Natividad,Wincer,nwincer91@narod.ru,Female,198.110.252.26,04/25/2023
327,Gertrudis,Rosen,grosen92@seattletimes.com,Female,210.60.209.30,04/22/2023
328,Jenna,Feechum,jfeechum93@technorati.com,Female,172.91.154.205,09/17/2022
329,Genvieve,Govett,ggovett94@digg.com,Female,221.216.97.67,08/02/2022
330,Holli,Hatchell,hhatchell95@usa.gov,Female,194.200.127.246,11/15/2022
331,Novelia,Hallows,nhallows96@youku.com,Female,101.117.126.219,05/31/2022
332,Cate,Guthrie,cguthrie97@google.ru,Female,37.123.212.31,07/09/2022
333,Nester,Pettko,npettko98@washington.edu,Male,62.200.43.15,02/27/2023
334,Nev,Robinson,nrobinson99@a8.net,Male,110.80.65.39,06/04/2022
335,Delano,Parlot,dparlot9a@sina.com.cn,Male,195.198.0.93,10/07/2022
336,Shermy,Nazareth,snazareth9b@deliciousdays.com,Male,83.160.1.237,01/19/2023
337,Angel,Skally,askally9c@about.me,Male,167.97.221.182,04/16/2023
338,Benoit,Peeters,bpeeters9d@1688.com,Male,156.212.77.30,02/28/2023
339,Kary,Faragan,kfaragan9e@meetup.com,Female,156.33.203.28,07/02/2022
340,Hillard,Fernao,hfernao9f@nih.gov,Male,185.51.4.42,02/13/2023
341,Francis,Karslake,fkarslake9g@zimbio.com,Male,227.125.119.92,05/22/2022
342,Wilek,Burling,wburling9h@google.cn,Agender,75.94.254.119,09/12/2022
343,Wally,Caesman,wcaesman9i@businessweek.com,Male,112.65.174.246,12/01/2022
344,Marlene,Kinset,mkinset9j@wiley.com,Female,103.159.18.253,01/26/2023
345,Eugenius,Oats,eoats9k@multiply.com,Male,131.166.251.209,01/30/2023
346,Torrance,Molyneux,tmolyneux9l@webs.com,Male,177.139.162.134,11/24/2022
347,Avictor,McSwan,amcswan9m@comsenz.com,Male,166.196.239.35,08/11/2022
348,Philomena,Moralis,pmoralis9n@discovery.com,Genderfluid,228.47.128.185,04/19/2023
349,Charo,Fear,cfear9o@t-online.de,Female,173.51.80.246,04/18/2023
350,Fidole,Fortin,ffortin9p@java.com,Male,38.102.191.196,05/05/2023
351,Lauren,Spillard,lspillard9q@nytimes.com,Male,179.184.45.236,10/15/2022
352,Karna,Schult,kschult9r@home.pl,Female,51.116.141.24,12/22/2022
353,Carlin,Domerq,cdomerq9s@wunderground.com,Female,213.152.7.36,10/30/2022
354,Jill,Hawsby,jhawsby9t@flickr.com,Genderqueer,218.177.129.23,04/02/2023
355,Harlan,Coneybeer,hconeybeer9u@sciencedaily.com,Male,107.159.148.193,10/13/2022
356,Haily,Alfonso,halfonso9v@arstechnica.com,Female,32.148.5.109,12/29/2022
357,Gard,O'Dennehy,godennehy9w@shutterfly.com,Male,157.76.150.100,05/02/2023
358,Ashlee,Fredi,afredi9x@uol.com.br,Female,137.27.153.143,12/16/2022
359,Jena,Tellesson,jtellesson9y@yelp.com,Female,138.42.238.135,10/02/2022
360,Tommy,Antrack,tantrack9z@tamu.edu,Male,7.60.153.199,11/20/2022
361,Rafaelia,Mapledoore,rmapledoorea0@springer.com,Female,109.40.93.55,11/29/2022
362,Godard,Ranahan,granahana1@51.la,Male,251.102.113.18,07/04/2022
363,Haley,Widmoor,hwidmoora2@opera.com,Bigender,104.218.195.219,02/20/2023
364,Quinton,Pirrey,qpirreya3@blogtalkradio.com,Male,9.48.129.99,02/09/2023
365,Issi,Henstridge,ihenstridgea4@booking.com,Female,4.252.201.245,05/03/2023
366,Livia,Footitt,lfootitta5@prweb.com,Female,132.137.40.203,07/24/2022
367,Clarinda,Peplay,cpeplaya6@weibo.com,Female,192.36.144.31,02/20/2023
368,Collen,Crean,ccreana7@who.int,Female,246.49.184.224,03/26/2023
369,Quincey,D'Enrico,qdenricoa8@examiner.com,Male,46.52.121.189,04/10/2023
370,Eleanora,Prangnell,eprangnella9@stumbleupon.com,Female,103.236.164.10,03/23/2023
371,Bernadene,Bonsall,bbonsallaa@theatlantic.com,Female,161.135.192.102,04/16/2023
372,Clemmie,Airton,cairtonab@liveinternet.ru,Male,142.126.119.150,04/03/2023
373,Osbert,Timlett,otimlettac@harvard.edu,Male,159.206.52.98,12/30/2022
374,Minny,Dentith,mdentithad@weather.com,Female,154.55.146.51,10/25/2022
375,Bancroft,Anersen,banersenae@huffingtonpost.com,Male,21.102.243.243,09/16/2022
376,Rochella,Trobridge,rtrobridgeaf@un.org,Female,249.174.234.154,11/09/2022
377,Livia,Dungee,ldungeeag@privacy.gov.au,Female,82.85.243.55,09/12/2022
378,Dehlia,cornhill,dcornhillah@sfgate.com,Female,185.45.241.222,03/02/2023
379,Jackquelin,Firk,jfirkai@biblegateway.com,Female,34.233.201.61,09/21/2022
380,Jimmy,Bilfoot,jbilfootaj@apple.com,Male,166.173.194.171,02/03/2023
381,Dredi,Lidgard,dlidgardak@shinystat.com,Female,146.253.67.23,02/14/2023
382,Farica,Nutley,fnutleyal@virginia.edu,Female,150.42.191.179,02/15/2023
383,Melania,Cathel,mcathelam@census.gov,Bigender,185.232.149.176,10/07/2022
384,Sher,Grzegorzewski,sgrzegorzewskian@businessinsider.com,Female,141.43.108.40,10/23/2022
385,Mellisent,Bottom,mbottomao@trellian.com,Female,154.86.178.75,05/16/2022
386,Bertrand,Monckman,bmonckmanap@amazonaws.com,Male,95.6.44.14,10/09/2022
387,Daffi,Duce,dduceaq@google.co.uk,Female,253.14.142.181,08/08/2022
388,Kati,Fores,kforesar@webeden.co.uk,Female,21.8.175.163,07/24/2022
389,Arny,Lidington,alidingtonas@comsenz.com,Male,192.56.81.47,02/27/2023
390,Aguie,Bendle,abendleat@seesaa.net,Genderqueer,1.200.233.164,02/26/2023
391,Meryl,Macklin,mmacklinau@answers.com,Female,113.35.12.3,12/30/2022
392,Roslyn,Soares,rsoaresav@ibm.com,Female,162.152.202.159,07/24/2022
393,Andrus,Wickendon,awickendonaw@ca.gov,Male,142.237.79.45,04/08/2023
394,Fallon,Messager,fmessagerax@bizjournals.com,Female,129.43.78.133,12/02/2022
395,Barbi,Petrello,bpetrelloay@1688.com,Female,144.74.152.233,11/01/2022
396,Clark,Fairbridge,cfairbridgeaz@mapquest.com,Male,25.160.123.216,06/11/2022
397,Remington,Holyland,rholylandb0@weibo.com,Genderfluid,172.23.97.81,03/24/2023
398,Basil,Palister,bpalisterb1@dailymail.co.uk,Male,60.239.109.123,07/25/2022
399,Barth,Edowes,bedowesb2@stanford.edu,Male,209.57.169.131,11/14/2022
400,Benedick,Klulicek,bklulicekb3@cpanel.net,Male,198.131.82.128,04/21/2023
401,Agnola,Uttermare,auttermareb4@china.com.cn,Female,108.90.27.4,09/12/2022
402,Yasmeen,Cafe,ycafeb5@mayoclinic.com,Female,18.69.229.191,03/11/2023
403,Torin,Werner,twernerb6@tripadvisor.com,Male,198.28.236.8,05/25/2022
404,Bradley,Yockley,byockleyb7@cafepress.com,Male,182.246.32.107,04/29/2023
405,Jsandye,Venner,jvennerb8@utexas.edu,Genderqueer,80.152.133.50,02/01/2023
406,Dorris,Niesel,dnieselb9@un.org,Female,29.235.177.71,01/29/2023
407,Cordell,Ryman,crymanba@prnewswire.com,Male,191.214.246.168,07/25/2022
408,Coraline,McIlreavy,cmcilreavybb@mashable.com,Female,43.213.172.192,06/01/2022
409,Mirella,Roelofs,mroelofsbc@columbia.edu,Female,98.131.12.135,10/21/2022
410,Wenona,Lindstrom,wlindstrombd@friendfeed.com,Female,117.254.180.133,05/25/2022
411,Allina,Morehall,amorehallbe@addtoany.com,Female,34.155.97.135,04/06/2023
412,Alvinia,Kordt,akordtbf@amazon.co.jp,Female,83.97.171.91,01/06/2023
413,Frank,Nevin,fnevinbg@yolasite.com,Male,28.202.219.252,12/22/2022
414,Foster,Bolderson,fboldersonbh@rakuten.co.jp,Male,106.61.125.105,06/11/2022
415,Gerome,Ohm,gohmbi@mediafire.com,Male,157.108.57.144,09/17/2022
416,Emlyn,Gebbe,egebbebj@time.com,Male,221.63.45.76,08/16/2022
417,Lindsay,Mutton,lmuttonbk@census.gov,Female,54.233.200.162,09/01/2022
418,Laney,Fayne,lfaynebl@webs.com,Female,143.50.212.202,12/18/2022
419,Hymie,Ridd,hriddbm@tmall.com,Polygender,177.53.39.210,02/02/2023
420,Goddart,Letteresse,gletteressebn@twitter.com,Male,7.197.98.93,07/02/2022
421,Shanie,Toffel,stoffelbo@nhs.uk,Female,91.240.56.97,12/31/2022
422,Montgomery,Hedde,mheddebp@devhub.com,Male,53.76.5.233,01/04/2023
423,Cynthie,Toma,ctomabq@plala.or.jp,Female,16.80.175.114,09/07/2022
424,Marika,Arnfield,marnfieldbr@sfgate.com,Female,103.169.101.57,09/12/2022
425,Sonny,Hupka,shupkabs@squarespace.com,Female,111.116.238.9,08/16/2022
426,Devinne,Piegrome,dpiegromebt@goo.gl,Female,182.109.198.143,12/05/2022
427,Sloan,Rebanks,srebanksbu@paypal.com,Male,161.14.169.149,10/06/2022
428,Kelbee,Ambrogetti,kambrogettibv@youku.com,Male,130.81.3.180,04/07/2023
429,Marget,Learmond,mlearmondbw@elpais.com,Female,239.139.220.177,06/03/2022
430,Stacia,Tomashov,stomashovbx@cmu.edu,Female,231.148.123.127,01/18/2023
431,Solomon,Robardet,srobardetby@creativecommons.org,Male,83.220.93.222,07/02/2022
432,Helga,Watts,hwattsbz@ycombinator.com,Female,78.176.156.136,12/04/2022
433,Ame,Wynne,awynnec0@hc360.com,Female,48.124.56.242,12/30/2022
434,Ludvig,Hallbird,lhallbirdc1@marketwatch.com,Male,143.4.222.178,07/31/2022
435,Binny,Waite,bwaitec2@nps.gov,Female,153.195.113.21,02/06/2023
436,Tremayne,D'Acth,tdacthc3@icq.com,Male,188.211.66.54,11/01/2022
437,Deane,Tomkys,dtomkysc4@seattletimes.com,Male,190.169.31.1,12/14/2022
438,Page,Moresby,pmoresbyc5@mysql.com,Male,223.153.125.242,04/12/2023
439,Adela,Coggill,acoggillc6@google.co.jp,Female,77.68.247.137,12/01/2022
440,Artemas,Sherrington,asherringtonc7@bizjournals.com,Male,22.18.197.149,11/12/2022
441,Keeley,Mohring,kmohringc8@blogs.com,Female,106.151.184.169,12/27/2022
442,Gian,Southon,gsouthonc9@ibm.com,Male,174.162.60.239,10/20/2022
443,Jacinda,Braganza,jbraganzaca@usnews.com,Female,160.176.46.144,02/20/2023
444,Eolanda,Bispham,ebisphamcb@mayoclinic.com,Female,221.74.129.122,03/01/2023
445,Janet,Miliffe,jmiliffecc@toplist.cz,Female,152.131.55.128,09/15/2022
446,Clarey,Blenkiron,cblenkironcd@ovh.net,Female,189.167.96.176,06/24/2022
447,Viv,Ismirnioglou,vismirnioglouce@g.co,Female,241.161.207.246,01/18/2023
448,Yankee,Fateley,yfateleycf@house.gov,Male,119.59.230.45,12/16/2022
449,Thea,Kleinstern,tkleinsterncg@auda.org.au,Bigender,178.255.1.18,07/16/2022
450,Margo,Philipsson,mphilipssonch@deviantart.com,Female,33.255.168.143,02/12/2023
451,Fransisco,Eck,feckci@wsj.com,Male,200.65.52.78,05/23/2022
452,Emlynn,Ilyas,eilyascj@icq.com,Female,56.129.235.214,09/02/2022
453,Sayer,Halliday,shallidayck@howstuffworks.com,Male,0.182.76.140,02/26/2023
454,Conway,Pickrell,cpickrellcl@businessinsider.com,Male,216.136.56.200,06/10/2022
455,Claresta,Vassman,cvassmancm@bbc.co.uk,Female,14.75.0.116,09/08/2022
456,Celia,De Rye Barrett,cderyebarrettcn@elpais.com,Female,230.170.170.38,06/24/2022
457,Tiena,Viger,tvigerco@nytimes.com,Female,172.246.17.37,01/04/2023
458,Dionisio,Ugolini,dugolinicp@newsvine.com,Male,96.75.250.191,05/04/2023
459,Tymon,Powling,tpowlingcq@slideshare.net,Male,144.33.86.152,11/24/2022
460,Tadio,Cowely,tcowelycr@abc.net.au,Male,246.162.216.106,04/14/2023
461,Vernen,Greene,vgreenecs@tiny.cc,Male,135.163.172.14,08/18/2022
462,Marlon,Laurenson,mlaurensonct@admin.ch,Male,215.81.138.239,12/05/2022
463,Damon,Millbank,dmillbankcu@fema.gov,Male,47.14.134.10,04/14/2023
464,Martina,Itscovitz,mitscovitzcv@youtube.com,Female,185.174.20.175,10/28/2022
465,Dean,Cufflin,dcufflincw@fda.gov,Male,103.247.214.144,03/30/2023
466,Humphrey,Croy,hcroycx@cyberchimps.com,Male,241.127.237.226,12/26/2022
467,Jemima,Meins,jmeinscy@google.com.hk,Female,53.54.189.214,11/06/2022
468,Khalil,Pentin,kpentincz@discovery.com,Male,79.17.247.74,06/02/2022
469,Herman,Hurring,hhurringd0@cam.ac.uk,Male,32.156.153.225,02/14/2023
470,Hinze,Dixon,hdixond1@ebay.com,Male,158.60.80.116,02/01/2023
471,Griffy,Eltringham,geltringhamd2@springer.com,Male,135.81.101.205,02/11/2023
472,Anna-diane,Izatt,aizattd3@army.mil,Female,114.122.94.182,09/16/2022
473,Ode,Ivashkin,oivashkind4@canalblog.com,Male,227.60.108.134,05/17/2022
474,Anica,Falkinder,afalkinderd5@multiply.com,Female,123.93.184.178,06/28/2022
475,Gillian,Bucknell,gbucknelld6@addthis.com,Female,42.226.8.203,04/27/2023
476,Bryce,Rix,brixd7@nhs.uk,Bigender,237.165.220.206,11/06/2022
477,Hali,Albinson,halbinsond8@rambler.ru,Female,122.163.146.54,04/13/2023
478,Eddy,Gillio,egilliod9@issuu.com,Male,44.251.198.195,01/22/2023
479,Christian,Calkin,ccalkinda@geocities.com,Female,117.201.245.130,12/30/2022
480,Cristin,Armfirld,carmfirlddb@freewebs.com,Female,150.7.150.45,05/03/2023
481,Maynard,MacClinton,mmacclintondc@hubpages.com,Male,206.109.180.146,05/21/2022
482,Waylan,Vaskin,wvaskindd@chronoengine.com,Male,29.195.132.202,06/07/2022
483,Stacie,Blasiak,sblasiakde@plala.or.jp,Female,202.224.201.28,10/02/2022
484,Frankie,Fearnley,ffearnleydf@smh.com.au,Female,11.56.65.107,01/02/2023
485,Alleen,McCully,amccullydg@alexa.com,Female,93.179.227.75,08/16/2022
486,Tuck,Rickett,trickettdh@moonfruit.com,Male,90.33.195.217,07/18/2022
487,Mariel,Kitman,mkitmandi@adobe.com,Female,50.220.132.36,10/21/2022
488,Nance,Druitt,ndruittdj@ucla.edu,Female,246.26.185.216,05/07/2023
489,Reider,Kenryd,rkenryddk@ask.com,Male,254.240.74.30,12/17/2022
490,Syman,Urian,suriandl@123-reg.co.uk,Male,174.241.188.227,07/14/2022
491,Eziechiele,Struijs,estruijsdm@reddit.com,Male,230.129.186.53,03/28/2023
492,Hermie,Maddicks,hmaddicksdn@mediafire.com,Male,58.209.104.81,09/08/2022
493,Laetitia,Tutill,ltutilldo@webeden.co.uk,Female,222.251.28.179,05/03/2023
494,Davon,Groves,dgrovesdp@nymag.com,Male,68.92.66.143,05/17/2022
495,Barri,Assard,bassarddq@cargocollective.com,Male,88.15.224.113,07/31/2022
496,Harmonia,Gaffer,hgafferdr@xinhuanet.com,Female,65.175.200.51,12/31/2022
497,Aurel,Sivewright,asivewrightds@oaic.gov.au,Non-binary,165.168.58.212,05/31/2022
498,Thoma,Moss,tmossdt@google.com.au,Male,150.142.32.206,01/19/2023
499,Elliot,Shearstone,eshearstonedu@usnews.com,Male,158.193.246.182,01/22/2023
500,Rogerio,Spiers,rspiersdv@gmpg.org,Male,30.115.171.200,01/20/2023
501,Blakelee,Boffin,bboffindw@wix.com,Female,178.132.121.14,03/02/2023
502,Carrie,Unitt,cunittdx@wikipedia.org,Female,239.52.185.63,02/22/2023
503,Rachel,Piscotti,rpiscottidy@zdnet.com,Female,195.122.140.248,05/23/2022
504,Adelind,Cronshaw,acronshawdz@nsw.gov.au,Female,207.228.209.18,07/20/2022
505,Felita,Scotchmore,fscotchmoree0@kickstarter.com,Female,214.173.119.4,11/22/2022
506,Lynnette,Knowlden,lknowldene1@narod.ru,Female,42.49.244.31,06/28/2022
507,Darla,Lorenzini,dlorenzinie2@ameblo.jp,Female,147.30.0.212,08/31/2022
508,Raphael,Eayrs,reayrse3@topsy.com,Male,187.137.171.146,06/21/2022
509,Xena,McKeady,xmckeadye4@i2i.jp,Agender,26.137.155.64,05/29/2022
510,Stephine,Waything,swaythinge5@mozilla.com,Female,171.175.121.94,10/24/2022
511,Gayelord,Stearne,gstearnee6@posterous.com,Male,134.25.91.67,10/08/2022
512,Ansell,Monahan,amonahane7@goo.gl,Male,93.109.172.68,01/05/2023
513,Pernell,Sullivan,psullivane8@smugmug.com,Male,107.0.163.155,10/08/2022
514,Hunter,Cappell,hcappelle9@altervista.org,Male,238.78.179.111,02/16/2023
515,Benyamin,Hartnell,bhartnellea@google.es,Genderfluid,50.153.34.62,01/11/2023
516,Sherlocke,Schiesterl,sschiesterleb@nba.com,Male,200.157.206.117,03/26/2023
517,Marcello,Izakov,mizakovec@blinklist.com,Male,80.190.146.74,03/22/2023
518,Petronia,Elcoate,pelcoateed@scientificamerican.com,Female,113.86.133.173,04/11/2023
519,Lyndell,Ziem,lziemee@marketwatch.com,Female,236.174.139.149,07/14/2022
520,Elspeth,Curless,ecurlessef@dyndns.org,Female,151.203.244.46,09/18/2022
521,Richard,Sabathier,rsabathiereg@gov.uk,Male,243.14.74.14,11/25/2022
522,Carlota,Grant,cgranteh@google.com.br,Female,211.44.48.180,09/04/2022
523,Darin,Murfett,dmurfettei@mayoclinic.com,Genderfluid,192.50.85.163,11/13/2022
524,Alane,Raspel,araspelej@cnet.com,Female,225.233.36.204,04/22/2023
525,Arabelle,Cops,acopsek@google.ru,Female,18.57.187.135,02/03/2023
526,Cleavland,Garland,cgarlandel@opensource.org,Male,203.74.158.134,09/07/2022
527,Virgie,Stedall,vstedallem@blogs.com,Female,95.104.115.131,04/12/2023
528,Murielle,Gibbon,mgibbonen@g.co,Female,128.29.233.31,09/22/2022
529,Asa,Althorpe,aalthorpeeo@google.com.hk,Male,194.135.73.255,10/09/2022
530,Asa,Elener,aelenerep@youtube.com,Male,238.62.201.49,10/26/2022
531,Delila,Ruddlesden,druddlesdeneq@discovery.com,Female,110.219.2.187,11/17/2022
532,Heda,Prawle,hprawleer@adobe.com,Female,175.49.195.187,01/20/2023
533,Roana,Burberow,rburberowes@ed.gov,Female,240.55.16.39,05/09/2023
534,Heinrick,Bootell,hbootellet@wsj.com,Male,82.189.185.45,05/05/2023
535,Tabby,Trustrie,ttrustrieeu@joomla.org,Bigender,224.111.171.132,04/05/2023
536,Sheffy,Hedylstone,shedylstoneev@multiply.com,Bigender,221.233.41.106,02/02/2023
537,Rodolph,Schimon,rschimonew@nps.gov,Non-binary,141.86.220.225,08/17/2022
538,Claresta,Seear,cseearex@aol.com,Genderfluid,142.125.117.56,02/01/2023
539,Karl,Perton,kpertoney@washingtonpost.com,Male,79.7.72.195,06/27/2022
540,Rowland,Davis,rdavisez@ning.com,Male,185.150.193.108,06/06/2022
541,Ilsa,Gajownik,igajownikf0@usatoday.com,Agender,111.76.54.125,09/21/2022
542,Waylen,Plastow,wplastowf1@scribd.com,Male,201.39.237.93,06/27/2022
543,Hilliard,Gauge,hgaugef2@accuweather.com,Male,88.17.84.120,09/09/2022
544,Thorstein,Shimmin,tshimminf3@163.com,Male,182.59.245.71,05/15/2022
545,Noelyn,Tooting,ntootingf4@nifty.com,Female,239.96.173.244,12/15/2022
546,Stafford,Cornil,scornilf5@linkedin.com,Polygender,77.93.90.157,01/16/2023
547,Kamillah,Kyte,kkytef6@edublogs.org,Female,225.145.54.33,03/20/2023
548,Deanne,Franceschelli,dfranceschellif7@clickbank.net,Female,246.48.116.17,12/18/2022
549,Man,Baughen,mbaughenf8@free.fr,Male,105.126.190.205,04/10/2023
550,Margeaux,Rochewell,mrochewellf9@walmart.com,Female,241.141.20.139,10/10/2022
551,Sarita,Spottiswood,sspottiswoodfa@bizjournals.com,Female,183.23.99.50,03/16/2023
552,Cesya,Obell,cobellfb@blogs.com,Female,78.186.109.248,09/19/2022
553,Nev,Maro,nmarofc@naver.com,Male,253.88.103.59,04/26/2023
554,Evered,Caudle,ecaudlefd@miibeian.gov.cn,Male,31.24.106.44,05/21/2022
555,Carolann,Orring,corringfe@comcast.net,Female,174.169.18.152,10/06/2022
556,Jack,Onion,jonionff@reuters.com,Male,222.128.240.137,06/15/2022
557,Carmelita,Eyree,ceyreefg@tripod.com,Female,204.171.204.249,07/22/2022
558,Wendel,Garbar,wgarbarfh@spotify.com,Male,233.160.0.137,07/03/2022
559,Walton,Beadel,wbeadelfi@live.com,Male,219.144.200.48,09/28/2022
560,Travers,Wicks,twicksfj@bing.com,Male,149.55.66.71,08/16/2022
561,Jonas,Lukianovich,jlukianovichfk@indiegogo.com,Agender,43.84.99.91,07/07/2022
562,Laurella,Cyseley,lcyseleyfl@github.com,Female,118.184.247.154,09/01/2022
563,Walt,Sepey,wsepeyfm@un.org,Male,73.152.11.127,08/28/2022
564,Rriocard,Glenton,rglentonfn@g.co,Male,11.42.22.89,12/30/2022
565,Fidelia,Baude,fbaudefo@delicious.com,Female,117.224.212.244,03/08/2023
566,Kent,Trayes,ktrayesfp@intel.com,Male,171.224.134.40,06/27/2022
567,Jacinthe,Shorto,jshortofq@senate.gov,Female,138.236.253.160,01/28/2023
568,Marys,Pierro,mpierrofr@webs.com,Female,40.151.104.109,11/14/2022
569,Tull,Castaner,tcastanerfs@ihg.com,Male,50.234.24.62,09/23/2022
570,Nissie,Bixley,nbixleyft@ehow.com,Female,60.140.75.208,01/29/2023
571,Garey,Sallis,gsallisfu@squarespace.com,Male,47.48.155.201,02/03/2023
572,Archie,Emblem,aemblemfv@twitpic.com,Male,229.112.46.147,04/02/2023
573,Kristin,Foukx,kfoukxfw@amazon.co.jp,Female,191.0.125.233,08/27/2022
574,Nealy,Welsh,nwelshfx@mac.com,Male,15.46.140.231,10/01/2022
575,Cleveland,Seamon,cseamonfy@fda.gov,Male,85.254.60.249,09/16/2022
576,Agna,Chastey,achasteyfz@imdb.com,Female,204.12.157.69,04/23/2023
577,Lillian,Melby,lmelbyg0@rediff.com,Female,86.174.255.229,11/15/2022
578,Yvon,Northern,ynortherng1@mozilla.org,Male,65.135.210.203,01/02/2023
579,Fidel,Kemball,fkemballg2@shop-pro.jp,Male,146.127.212.101,03/05/2023
580,Kippie,McPherson,kmcphersong3@mapquest.com,Female,86.131.235.39,01/02/2023
581,Saxe,Ambrogio,sambrogiog4@ox.ac.uk,Male,96.151.99.165,03/10/2023
582,Julina,Hollindale,jhollindaleg5@goodreads.com,Female,67.70.156.156,03/09/2023
583,Lotte,Merck,lmerckg6@examiner.com,Female,75.197.3.196,01/05/2023
584,Blake,Newbury,bnewburyg7@cyberchimps.com,Female,139.242.42.208,04/08/2023
585,Darell,Everist,deveristg8@cnbc.com,Agender,68.176.192.40,09/05/2022
586,Enriqueta,Millwater,emillwaterg9@github.com,Female,66.65.62.217,02/04/2023
587,Ethelind,Richt,erichtga@constantcontact.com,Female,25.106.59.180,04/15/2023
588,Abbie,Goullee,agoulleegb@umn.edu,Male,200.121.131.96,09/18/2022
589,Concordia,Southorn,csouthorngc@theguardian.com,Female,232.0.67.70,05/05/2023
590,Tripp,Vango,tvangogd@wordpress.org,Male,195.222.48.235,10/12/2022
591,Der,Blest,dblestge@trellian.com,Male,219.64.156.57,07/19/2022
592,Boycie,Aldwich,baldwichgf@independent.co.uk,Genderfluid,27.207.254.27,03/28/2023
593,Chickie,Chudleigh,cchudleighgg@cnbc.com,Male,216.107.242.37,11/22/2022
594,Holly,Emmens,hemmensgh@google.nl,Female,166.114.201.226,11/04/2022
595,Domingo,Zotto,dzottogi@patch.com,Male,254.58.27.255,12/25/2022
596,Bliss,Insley,binsleygj@jalbum.net,Female,54.184.233.42,05/30/2022
597,Cathe,Siley,csileygk@yahoo.co.jp,Female,166.179.117.118,08/10/2022
598,Jasmin,Polley,jpolleygl@dropbox.com,Female,158.223.253.34,10/09/2022
599,Fredric,ducarme,fducarmegm@cafepress.com,Male,24.93.207.43,08/19/2022
600,Dwight,Baxendale,dbaxendalegn@state.tx.us,Male,238.136.109.63,04/17/2023
601,Gaspard,Braun,gbraungo@printfriendly.com,Male,118.145.100.72,03/08/2023
602,Dwain,Callington,dcallingtongp@ebay.co.uk,Male,85.90.48.185,09/17/2022
603,Rhody,Summerlad,rsummerladgq@webnode.com,Female,123.235.165.73,07/21/2022
604,Elsinore,Winfrey,ewinfreygr@theglobeandmail.com,Female,79.137.34.93,11/06/2022
605,Vinny,Andersson,vanderssongs@tripadvisor.com,Male,228.49.11.36,06/25/2022
606,Riobard,Cadagan,rcadagangt@marriott.com,Male,33.180.149.35,09/10/2022
607,Jodie,McGlaud,jmcglaudgu@scribd.com,Female,118.169.171.96,08/06/2022
608,Euell,Bratcher,ebratchergv@mapy.cz,Male,16.198.117.137,01/14/2023
609,Gwenore,Benck,gbenckgw@nytimes.com,Female,132.99.180.142,08/23/2022
610,Say,Calderonello,scalderonellogx@ed.gov,Male,125.222.49.251,04/12/2023
611,Ferguson,Backshall,fbackshallgy@google.cn,Male,37.82.29.37,02/26/2023
612,Gerome,Jex,gjexgz@businessweek.com,Male,12.247.198.233,08/14/2022
613,Lula,Rostern,lrosternh0@usda.gov,Female,127.4.151.215,10/12/2022
614,Rodolphe,Dispencer,rdispencerh1@g.co,Male,236.162.228.115,06/29/2022
615,Dorice,Carss,dcarssh2@oaic.gov.au,Female,12.80.92.182,08/27/2022
616,Hyacinth,Boydle,hboydleh3@yellowpages.com,Female,169.101.183.205,10/30/2022
617,Emelina,Chopping,echoppingh4@squidoo.com,Female,7.58.115.152,06/30/2022
618,Fairfax,Northcote,fnorthcoteh5@prweb.com,Male,132.234.124.76,08/02/2022
619,Ardelis,McCloid,amccloidh6@noaa.gov,Female,65.141.110.112,04/28/2023
620,Bernette,Jaumet,bjaumeth7@live.com,Female,56.237.163.119,12/07/2022
621,Hieronymus,Brigge,hbriggeh8@behance.net,Male,80.156.212.236,08/06/2022
622,Flemming,Duckels,fduckelsh9@artisteer.com,Male,87.20.226.249,09/09/2022
623,Darcie,Sylvester,dsylvesterha@google.com.au,Female,105.185.66.236,02/05/2023
624,Rich,Mackinder,rmackinderhb@noaa.gov,Male,162.32.15.41,07/04/2022
625,Christophe,Probet,cprobethc@chicagotribune.com,Male,35.200.41.134,03/08/2023
626,Roanne,Pearch,rpearchhd@washingtonpost.com,Female,136.187.212.180,11/16/2022
627,Constancy,Jennens,cjennenshe@nyu.edu,Female,216.42.207.180,04/01/2023
628,Allsun,Dominichelli,adominichellihf@parallels.com,Bigender,174.13.120.78,10/28/2022
629,Elianore,Vinter,evinterhg@pcworld.com,Female,177.148.61.136,10/10/2022
630,Caroljean,Privett,cprivetthh@elegantthemes.com,Female,6.137.172.41,04/11/2023
631,Chelsie,Guest,cguesthi@marriott.com,Female,156.173.198.253,04/18/2023
632,Jereme,Ralphs,jralphshj@japanpost.jp,Male,233.109.189.8,02/26/2023
633,Arlee,Powis,apowishk@163.com,Female,12.61.121.144,11/24/2022
634,Nathaniel,Folomin,nfolominhl@google.co.jp,Male,112.201.183.191,08/30/2022
635,Vaughan,Eykelbosch,veykelboschhm@cdc.gov,Male,173.204.82.53,03/06/2023
636,Betty,Redon,bredonhn@acquirethisname.com,Female,212.45.53.224,03/17/2023
637,Vincent,Plumridege,vplumridegeho@woothemes.com,Male,183.209.80.251,03/08/2023
638,Carly,Vidyapin,cvidyapinhp@unesco.org,Male,115.90.188.137,06/04/2022
639,Eleanore,Hambrook,ehambrookhq@kickstarter.com,Female,163.128.236.255,02/05/2023
640,Zondra,Rylett,zryletthr@so-net.ne.jp,Female,127.166.61.118,02/06/2023
641,Tiffanie,Davydzenko,tdavydzenkohs@samsung.com,Female,45.42.241.101,07/24/2022
642,Corby,Stebbins,cstebbinsht@apache.org,Male,4.227.85.215,08/09/2022
643,Mommy,Bisatt,mbisatthu@amazon.co.uk,Female,74.223.244.47,03/29/2023
644,Talyah,Sperrett,tsperretthv@blogger.com,Agender,115.14.24.172,12/26/2022
645,Giacobo,Kinder,gkinderhw@twitpic.com,Male,170.21.205.142,05/11/2022
646,Theresita,Hehir,thehirhx@disqus.com,Female,235.217.189.52,09/02/2022
647,Salomi,Leverson,sleversonhy@narod.ru,Female,206.211.94.249,05/30/2022
648,Sanderson,Hankin,shankinhz@redcross.org,Male,242.40.46.232,11/04/2022
649,Arch,Cheel,acheeli0@posterous.com,Male,212.67.233.112,01/30/2023
650,Giavani,Simonds,gsimondsi1@paypal.com,Male,197.196.90.76,06/12/2022
651,Quincy,Ingleson,qinglesoni2@flavors.me,Male,232.226.7.64,07/03/2022
652,Stephan,Tapply,stapplyi3@dailymotion.com,Male,43.108.235.35,07/17/2022
653,Mellisa,Cronchey,mcroncheyi4@marriott.com,Female,192.243.107.110,12/03/2022
654,Laurel,Gawn,lgawni5@sitemeter.com,Genderqueer,242.83.37.12,10/09/2022
655,Gerick,Stanes,gstanesi6@devhub.com,Male,31.111.88.6,07/28/2022
656,Carolynn,Maylor,cmaylori7@clickbank.net,Female,234.227.40.181,11/30/2022
657,Donelle,Lear,dleari8@hubpages.com,Female,163.133.66.32,03/26/2023
658,Pascal,Jeste,pjestei9@xinhuanet.com,Male,90.142.132.123,12/30/2022
659,Elinor,Faherty,efahertyia@icio.us,Female,223.244.94.76,08/11/2022
660,Florri,Abramof,fabramofib@mail.ru,Female,19.18.25.209,05/04/2023
661,Rhody,Feavearyear,rfeavearyearic@networksolutions.com,Female,163.85.123.39,12/28/2022
662,Emmet,Pollendine,epollendineid@is.gd,Male,31.45.114.105,04/02/2023
663,Cass,Ruddell,cruddellie@mayoclinic.com,Male,187.235.126.103,04/02/2023
664,Amory,Tesyro,atesyroif@youku.com,Male,52.147.176.144,08/27/2022
665,Faunie,Prince,fprinceig@census.gov,Female,188.201.155.36,01/11/2023
666,Terese,Ortet,tortetih@meetup.com,Female,223.30.28.44,12/11/2022
667,Murvyn,Bettlestone,mbettlestoneii@google.com.au,Male,70.124.33.106,06/27/2022
668,Benoite,Rentoll,brentollij@flickr.com,Female,119.22.103.140,06/03/2022
669,Iago,Pesek,ipesekik@github.com,Male,240.20.61.176,04/17/2023
670,Efren,Lorek,elorekil@infoseek.co.jp,Male,115.136.32.25,05/23/2022
671,Woodman,Urridge,wurridgeim@taobao.com,Male,199.230.67.68,06/27/2022
672,Sonny,Porson,sporsonin@ed.gov,Female,90.2.40.249,05/29/2022
673,Rebbecca,Musker,rmuskerio@sciencedirect.com,Female,64.103.233.176,03/20/2023
674,Curtis,Garlant,cgarlantip@nyu.edu,Male,136.251.42.9,09/06/2022
675,Lou,Bowmaker,lbowmakeriq@gov.uk,Female,201.83.17.31,12/31/2022
676,Elvyn,Hallsworth,ehallsworthir@ustream.tv,Male,184.165.126.242,06/06/2022
677,Rockwell,Tommasuzzi,rtommasuzziis@hud.gov,Male,217.58.182.28,03/27/2023
678,Adelina,Pinshon,apinshonit@newsvine.com,Female,57.95.163.11,03/11/2023
679,Rea,Phelit,rphelitiu@home.pl,Female,64.2.236.125,05/24/2022
680,Aeriell,Titterton,atittertoniv@phpbb.com,Female,108.250.85.119,06/22/2022
681,Carroll,Bartolomeo,cbartolomeoiw@multiply.com,Male,103.214.201.200,08/26/2022
682,Marguerite,Jozwicki,mjozwickiix@home.pl,Female,129.107.78.85,12/26/2022
683,Burch,Jeannequin,bjeannequiniy@amazon.com,Male,184.75.153.46,12/15/2022
684,Fredericka,Killock,fkillockiz@t.co,Female,178.146.203.190,02/10/2023
685,Jorge,Elcomb,jelcombj0@businesswire.com,Male,249.81.34.65,11/02/2022
686,Nana,Stelli,nstellij1@discovery.com,Female,242.148.129.190,10/07/2022
687,Alfons,Campbell-Dunlop,acampbelldunlopj2@bloglines.com,Male,215.222.56.106,06/02/2022
688,Margalo,Kingham,mkinghamj3@tumblr.com,Agender,111.233.3.95,10/18/2022
689,Lock,Meachan,lmeachanj4@cisco.com,Genderqueer,109.176.117.207,09/26/2022
690,Tannie,Fyndon,tfyndonj5@princeton.edu,Male,190.106.188.96,11/27/2022
691,Ivor,Wheater,iwheaterj6@last.fm,Male,202.21.243.104,02/01/2023
692,Bertha,Carbert,bcarbertj7@squarespace.com,Female,113.113.162.24,11/24/2022
693,Meggy,Lanon,mlanonj8@businessinsider.com,Female,18.89.110.242,06/13/2022
694,Bambi,Renzini,brenzinij9@yolasite.com,Female,115.226.246.13,05/19/2022
695,Yolane,Bingham,ybinghamja@foxnews.com,Female,36.173.178.188,07/06/2022
696,Broddy,Jantet,bjantetjb@foxnews.com,Male,115.20.223.111,10/04/2022
697,Garret,Szymanek,gszymanekjc@cisco.com,Male,206.100.123.200,07/20/2022
698,Doralynne,Eivers,deiversjd@fema.gov,Female,17.240.106.75,12/23/2022
699,Carlotta,Haslehurst,chaslehurstje@exblog.jp,Female,189.95.205.20,03/15/2023
700,Abbey,Pflieger,apfliegerjf@forbes.com,Male,196.191.188.184,10/22/2022
701,Tabby,Mulmuray,tmulmurayjg@so-net.ne.jp,Male,166.104.46.55,11/05/2022
702,Denver,Brocking,dbrockingjh@salon.com,Male,172.94.184.217,12/15/2022
703,Vinnie,Pandie,vpandieji@tamu.edu,Male,184.132.50.218,11/08/2022
704,Ervin,Bunt,ebuntjj@google.fr,Polygender,227.162.84.59,09/29/2022
705,Cory,Vedenyakin,cvedenyakinjk@angelfire.com,Male,29.12.216.133,10/30/2022
706,Wynne,Perceval,wpercevaljl@hhs.gov,Female,37.179.9.52,05/28/2022
707,Vito,Besnard,vbesnardjm@wix.com,Male,58.35.70.12,07/11/2022
708,Lukas,Birds,lbirdsjn@ox.ac.uk,Male,202.169.23.117,02/04/2023
709,Brena,Yeeles,byeelesjo@is.gd,Female,191.198.28.79,08/28/2022
710,Odo,Lyon,olyonjp@soup.io,Male,93.249.156.41,09/25/2022
711,Stepha,Blakes,sblakesjq@buzzfeed.com,Female,104.83.154.67,01/27/2023
712,Thorny,Wogden,twogdenjr@merriam-webster.com,Male,62.134.25.164,12/02/2022
713,Murielle,Lyste,mlystejs@a8.net,Female,138.174.13.54,10/04/2022
714,Karry,Edwinson,kedwinsonjt@go.com,Female,10.114.95.101,02/04/2023
715,Karlens,Duckitt,kduckittju@sakura.ne.jp,Male,50.11.83.127,02/09/2023
716,Avivah,Crowley,acrowleyjv@washington.edu,Female,2.100.17.182,11/18/2022
717,Gary,Goligher,ggoligherjw@xing.com,Male,237.233.3.236,02/13/2023
718,Jervis,Rawll,jrawlljx@odnoklassniki.ru,Male,49.52.229.98,05/26/2022
719,Torry,Jonathon,tjonathonjy@shinystat.com,Male,215.230.249.88,05/19/2022
720,Felizio,Althrope,falthropejz@cnn.com,Male,87.249.16.64,05/15/2022
721,Joanie,Fagan,jfagank0@php.net,Female,98.16.172.225,02/21/2023
722,Lucinda,Wilcocks,lwilcocksk1@google.co.uk,Female,108.205.15.31,02/12/2023
723,Chiarra,Dulton,cdultonk2@bing.com,Female,131.4.66.120,03/20/2023
724,Giuseppe,Currum,gcurrumk3@topsy.com,Genderfluid,209.41.89.166,11/19/2022
725,Rustin,Pinshon,rpinshonk4@fastcompany.com,Male,246.218.17.17,02/01/2023
726,Berni,Basden,bbasdenk5@trellian.com,Female,9.47.131.222,02/03/2023
727,Aloisia,Kleinstern,akleinsternk6@youtube.com,Female,234.1.195.35,12/11/2022
728,Ediva,Silveston,esilvestonk7@redcross.org,Bigender,90.206.229.36,03/16/2023
729,Kylen,MacInnes,kmacinnesk8@nature.com,Female,42.34.51.135,04/26/2023
730,Patti,Seakin,pseakink9@sourceforge.net,Female,5.251.172.52,01/18/2023
731,Fifi,de Verson,fdeversonka@ucla.edu,Female,169.89.56.27,05/26/2022
732,Abe,Pulteneye,apulteneyekb@omniture.com,Male,133.163.83.238,12/31/2022
733,Erastus,Konert,ekonertkc@qq.com,Male,176.38.135.142,04/16/2023
734,Giacomo,Ebdin,gebdinkd@imageshack.us,Male,140.74.174.173,11/21/2022
735,Doretta,Gutowska,dgutowskake@cdc.gov,Female,8.35.129.106,12/19/2022
736,Millard,Feeney,mfeeneykf@tiny.cc,Male,8.194.39.218,10/07/2022
737,Beverley,Peer,bpeerkg@stumbleupon.com,Female,179.133.193.121,05/17/2022
738,Donovan,Cluley,dcluleykh@fda.gov,Male,255.201.142.139,08/06/2022
739,Norton,Kondratowicz,nkondratowiczki@surveymonkey.com,Bigender,97.70.106.78,08/09/2022
740,Alejoa,Dewar,adewarkj@amazon.de,Polygender,107.106.138.0,07/03/2022
741,Christalle,Grishagin,cgrishaginkk@chron.com,Female,30.196.138.247,07/04/2022
742,Gusta,Lecount,glecountkl@blinklist.com,Female,126.24.187.117,06/09/2022
743,Sidnee,O'Fairy,sofairykm@virginia.edu,Genderfluid,204.175.193.212,12/30/2022
744,Kassie,Nowland,knowlandkn@histats.com,Female,156.186.33.91,02/24/2023
745,Annabelle,Ilchenko,ailchenkoko@skyrock.com,Female,221.106.173.204,07/11/2022
746,Wynny,Liell,wliellkp@umich.edu,Female,173.43.186.107,04/07/2023
747,Salmon,Breffitt,sbreffittkq@smh.com.au,Male,191.138.189.198,11/28/2022
748,Lannie,Gallego,lgallegokr@craigslist.org,Male,176.151.148.140,04/26/2023
749,Ruthann,Chivers,rchiversks@ifeng.com,Female,164.172.99.82,11/26/2022
750,Ernestus,Healeas,ehealeaskt@msu.edu,Male,90.20.100.44,04/24/2023
751,Billie,Oertzen,boertzenku@boston.com,Female,43.219.4.153,12/23/2022
752,Tabby,Aps,tapskv@google.fr,Male,60.41.225.72,12/11/2022
753,Lindie,Wasmuth,lwasmuthkw@smugmug.com,Female,222.96.71.181,12/04/2022
754,Kevon,Feaver,kfeaverkx@ucoz.com,Male,216.34.210.4,09/01/2022
755,Druci,Banfill,dbanfillky@hubpages.com,Agender,85.6.178.30,05/03/2023
756,Cyndia,Ridsdell,cridsdellkz@reuters.com,Female,19.14.107.111,04/28/2023
757,Weber,Phayre,wphayrel0@instagram.com,Genderqueer,96.36.173.179,06/05/2022
758,Domingo,Copin,dcopinl1@washingtonpost.com,Genderqueer,29.61.153.176,07/22/2022
759,Editha,Valentinetti,evalentinettil2@ox.ac.uk,Female,82.139.153.42,08/27/2022
760,Nial,Gamlen,ngamlenl3@blogger.com,Male,72.50.170.246,03/25/2023
761,Wendell,Bourgourd,wbourgourdl4@deliciousdays.com,Male,152.229.145.87,06/19/2022
762,Mikel,Pidon,mpidonl5@etsy.com,Male,139.25.122.171,03/18/2023
763,Lu,Stout,lstoutl6@skyrock.com,Female,93.27.177.148,05/04/2023
764,Marianna,Gruczka,mgruczkal7@whitehouse.gov,Female,141.74.2.238,04/02/2023
765,Mohandas,Hellicar,mhellicarl8@phpbb.com,Male,181.231.178.122,11/22/2022
766,Vivie,Race,vracel9@wufoo.com,Female,121.127.72.32,07/11/2022
767,Emmet,Corroyer,ecorroyerla@blogspot.com,Male,10.33.232.79,06/16/2022
768,Angelico,Skillett,askillettlb@mysql.com,Male,183.17.154.4,08/09/2022
769,Pia,McFarlan,pmcfarlanlc@shinystat.com,Female,40.150.227.148,10/11/2022
770,Evy,Barnhill,ebarnhillld@sbwire.com,Non-binary,176.174.80.145,07/09/2022
771,Amalita,Rollett,arollettle@purevolume.com,Female,250.5.6.75,07/06/2022
772,Sascha,Edmand,sedmandlf@trellian.com,Female,248.150.10.252,04/12/2023
773,Thedrick,Gillino,tgillinolg@bloglines.com,Male,38.163.83.134,12/31/2022
774,Sasha,Lourenco,slourencolh@amazon.co.jp,Non-binary,221.38.7.174,12/30/2022
775,Haroun,Syfax,hsyfaxli@cnet.com,Male,129.170.103.192,11/20/2022
776,Terza,Anthoin,tanthoinlj@gravatar.com,Female,91.173.16.65,05/17/2022
777,Madella,Worg,mworglk@walmart.com,Female,82.205.52.217,07/08/2022
778,Una,Marquiss,umarquissll@statcounter.com,Female,102.13.7.85,05/19/2022
779,Mei,Ballham,mballhamlm@prweb.com,Bigender,211.132.210.177,12/12/2022
780,Ramsey,Petken,rpetkenln@ted.com,Male,190.93.92.82,02/12/2023
781,Mile,Fitzroy,mfitzroylo@sitemeter.com,Male,83.42.46.6,01/21/2023
782,Rollin,Garthland,rgarthlandlp@ezinearticles.com,Male,54.231.44.77,07/06/2022
783,Rutter,Dyball,rdyballlq@forbes.com,Male,216.232.103.17,05/19/2022
784,Durand,Drowsfield,ddrowsfieldlr@lulu.com,Male,133.165.112.50,12/31/2022
785,Remy,Oxborough,roxboroughls@hexun.com,Female,170.237.203.128,03/25/2023
786,Thatch,Ludlow,tludlowlt@ibm.com,Male,220.126.42.153,06/17/2022
787,Bobine,Viel,bviellu@tinypic.com,Female,129.152.181.243,01/26/2023
788,Marijn,Bowne,mbownelv@angelfire.com,Male,57.133.178.236,11/28/2022
789,Ulrica,Handasyde,uhandasydelw@sbwire.com,Female,65.53.215.163,07/06/2022
790,Tris,Tows,ttowslx@squarespace.com,Male,226.198.84.29,11/06/2022
791,Rycca,Thaller,rthallerly@upenn.edu,Female,63.74.92.138,12/03/2022
792,Carina,Townend,ctownendlz@bloglovin.com,Female,35.249.30.46,03/04/2023
793,Alexio,O'Kennavain,aokennavainm0@1und1.de,Male,4.161.27.113,02/18/2023
794,Moina,Delyth,mdelythm1@foxnews.com,Female,221.86.42.147,06/29/2022
795,Kale,Kiddell,kkiddellm2@msn.com,Male,63.98.71.52,05/20/2022
796,Dotti,Payler,dpaylerm3@drupal.org,Female,179.202.60.50,02/17/2023
797,Hurlee,Genn,hgennm4@springer.com,Male,122.56.118.9,01/23/2023
798,Maridel,Crocken,mcrockenm5@t-online.de,Female,122.128.51.108,08/09/2022
799,Cory,Slides,cslidesm6@surveymonkey.com,Bigender,125.155.244.50,04/10/2023
800,Melina,Crombie,mcrombiem7@eepurl.com,Female,160.212.164.18,03/03/2023
801,Enrique,Barsby,ebarsbym8@163.com,Male,185.50.77.124,09/30/2022
802,Marcelia,Pencot,mpencotm9@nationalgeographic.com,Female,67.43.96.233,06/28/2022
803,Whit,Moneypenny,wmoneypennyma@sakura.ne.jp,Male,124.26.134.64,01/30/2023
804,Leah,Wane,lwanemb@statcounter.com,Female,103.201.159.153,01/21/2023
805,Alfie,Spurgeon,aspurgeonmc@google.es,Male,142.42.84.254,10/29/2022
806,Joseito,Hort,jhortmd@wikispaces.com,Male,144.63.153.39,02/15/2023
807,Guilbert,Aucourte,gaucourteme@columbia.edu,Male,102.197.191.248,02/13/2023
808,Clari,Kyndred,ckyndredmf@ezinearticles.com,Female,156.22.159.192,09/09/2022
809,Dani,Caulton,dcaultonmg@bloglovin.com,Male,102.111.6.116,11/08/2022
810,Berty,Lavielle,blaviellemh@mit.edu,Male,199.40.100.195,01/11/2023
811,Pennie,Underwood,punderwoodmi@jiathis.com,Bigender,167.197.55.40,04/03/2023
812,Hieronymus,Yegorshin,hyegorshinmj@gizmodo.com,Male,151.152.62.53,06/01/2022
813,Elfreda,Brownlie,ebrownliemk@smh.com.au,Female,19.52.145.63,12/20/2022
814,Haskel,Postle,hpostleml@ustream.tv,Male,143.94.155.197,07/16/2022
815,Norman,Sand,nsandmm@mail.ru,Agender,167.215.8.233,10/17/2022
816,Victoir,Robjant,vrobjantmn@ustream.tv,Male,163.208.169.30,11/18/2022
817,Link,Buggy,lbuggymo@epa.gov,Male,138.164.188.148,11/22/2022
818,Massimiliano,Heers,mheersmp@msu.edu,Male,90.48.217.163,05/22/2022
819,Gery,Entwhistle,gentwhistlemq@livejournal.com,Male,215.14.20.181,07/18/2022
820,Laughton,Clearley,lclearleymr@ehow.com,Male,49.92.121.85,03/02/2023
821,Tasha,Tayt,ttaytms@theglobeandmail.com,Female,222.226.147.15,05/21/2022
822,Jermayne,Addams,jaddamsmt@msn.com,Male,126.130.108.10,11/22/2022
823,Royall,Dibley,rdibleymu@tinyurl.com,Male,111.70.204.30,09/18/2022
824,Kalina,Conerding,kconerdingmv@macromedia.com,Female,255.151.18.42,09/17/2022
825,Jerry,McIndrew,jmcindrewmw@diigo.com,Female,93.22.195.81,09/19/2022
826,Giustina,McTrustey,gmctrusteymx@skyrock.com,Female,187.253.116.81,02/10/2023
827,Eliot,Fernan,efernanmy@guardian.co.uk,Genderqueer,169.120.200.158,09/19/2022
828,Redd,Feacham,rfeachammz@mysql.com,Male,62.144.142.88,05/01/2023
829,Fax,Featherby,ffeatherbyn0@lycos.com,Male,81.175.195.143,09/01/2022
830,Kimmy,Wymer,kwymern1@slate.com,Polygender,40.253.227.83,06/25/2022
831,Tilly,Horder,thordern2@com.com,Female,209.197.203.82,05/03/2023
832,Berny,Bassill,bbassilln3@pbs.org,Female,84.39.152.137,11/18/2022
833,Chiarra,Spurritt,cspurrittn4@tinypic.com,Female,212.86.191.162,08/14/2022
834,Hinze,Durnian,hdurniann5@weibo.com,Agender,155.124.225.120,06/18/2022
835,Abrahan,Cockney,acockneyn6@purevolume.com,Male,173.24.160.198,12/31/2022
836,Tommie,Blasgen,tblasgenn7@china.com.cn,Female,218.171.222.132,06/29/2022
837,Doralin,Laurance,dlaurancen8@ovh.net,Female,48.161.78.25,04/05/2023
838,Ula,Saben,usabenn9@squarespace.com,Female,231.49.232.10,05/08/2023
839,Ozzie,Epp,oeppna@nytimes.com,Male,225.239.145.17,06/09/2022
840,Charlotte,Sawdy,csawdynb@lycos.com,Female,75.9.127.30,01/27/2023
841,Casi,Salter,csalternc@mac.com,Female,84.113.41.142,06/03/2022
842,Howard,McFee,hmcfeend@posterous.com,Male,115.48.97.214,02/07/2023
843,Larisa,Zelner,lzelnerne@reverbnation.com,Female,200.189.69.179,11/26/2022
844,Lanae,De Winton,ldewintonnf@storify.com,Female,41.136.86.60,02/27/2023
845,Tanya,Sterre,tsterreng@squidoo.com,Female,213.15.179.242,04/27/2023
846,Alexandr,De Morena,ademorenanh@altervista.org,Male,63.65.135.133,01/20/2023
847,Jervis,Thorsen,jthorsenni@oracle.com,Male,12.124.206.149,03/31/2023
848,Swen,Sanson,ssansonnj@newsvine.com,Male,76.42.235.122,05/25/2022
849,Gardiner,Antyshev,gantyshevnk@weather.com,Male,184.187.117.254,10/24/2022
850,Shelli,Jeannenet,sjeannenetnl@java.com,Female,235.96.49.224,11/21/2022
851,Lucinda,Stuttman,lstuttmannm@squarespace.com,Female,58.102.22.73,08/29/2022
852,Pail,Punt,ppuntnn@accuweather.com,Male,121.246.166.79,01/01/2023
853,Jaimie,Barbery,jbarberyno@youtube.com,Male,186.160.198.15,04/25/2023
854,Bambi,Cadalleder,bcadalledernp@accuweather.com,Female,46.42.18.28,11/14/2022
855,Reeva,Belvin,rbelvinnq@marketwatch.com,Female,64.89.127.189,11/05/2022
856,Spike,Lutas,slutasnr@economist.com,Male,250.169.31.32,01/28/2023
857,Midge,Conyard,mconyardns@pagesperso-orange.fr,Female,124.106.249.147,09/19/2022
858,Norbie,Fossick,nfossicknt@sitemeter.com,Male,196.134.20.5,11/28/2022
859,Correy,Cathrae,ccathraenu@marriott.com,Male,14.253.62.199,09/24/2022
860,Aurora,Breffitt,abreffittnv@statcounter.com,Female,98.172.96.94,04/21/2023
861,Conn,Lande,clandenw@dot.gov,Genderfluid,81.188.49.78,06/15/2022
862,Nikos,Flawith,nflawithnx@yellowpages.com,Male,222.123.130.54,11/18/2022
863,Chickie,Brownsworth,cbrownsworthny@salon.com,Female,121.39.254.171,09/20/2022
864,Abe,Fincher,afinchernz@bravesites.com,Male,27.94.61.39,05/05/2023
865,Iorgo,Rumbellow,irumbellowo0@cam.ac.uk,Non-binary,183.229.179.84,07/16/2022
866,Crosby,Vinton,cvintono1@chicagotribune.com,Male,240.84.103.155,12/11/2022
867,Ganny,Stefi,gstefio2@bing.com,Male,171.162.153.243,09/18/2022
868,Filmer,Sreenan,fsreenano3@ox.ac.uk,Male,31.15.235.42,10/27/2022
869,Hunter,Cunney,hcunneyo4@gmpg.org,Male,246.65.251.243,12/11/2022
870,Jane,Bassam,jbassamo5@feedburner.com,Female,102.109.92.225,12/05/2022
871,Kip,Denkel,kdenkelo6@xrea.com,Male,89.218.155.44,06/14/2022
872,Drucill,Waterhowse,dwaterhowseo7@merriam-webster.com,Female,21.251.52.179,08/11/2022
873,Roderic,Hayley,rhayleyo8@amazonaws.com,Male,8.254.214.121,11/20/2022
874,Cristine,Addekin,caddekino9@godaddy.com,Female,162.53.227.187,12/05/2022
875,Giustina,Fiennes,gfiennesoa@instagram.com,Female,7.208.106.174,05/28/2022
876,Domeniga,Plank,dplankob@sakura.ne.jp,Female,148.130.234.231,08/09/2022
877,Starr,Lighten,slightenoc@ebay.co.uk,Female,109.216.44.253,03/16/2023
878,Mellicent,Nulty,mnultyod@google.nl,Female,186.252.41.34,03/15/2023
879,Neile,Derisley,nderisleyoe@chron.com,Female,24.25.228.75,04/20/2023
880,Justin,Meineking,jmeinekingof@barnesandnoble.com,Male,178.141.150.146,08/19/2022
881,Salomi,Bernardoni,sbernardoniog@ihg.com,Non-binary,79.40.67.220,08/17/2022
882,Tish,Stookes,tstookesoh@bandcamp.com,Female,108.14.194.146,08/17/2022
883,Kelvin,Yitzovitz,kyitzovitzoi@artisteer.com,Male,161.31.151.214,12/25/2022
884,Martino,Krolik,mkrolikoj@reuters.com,Male,249.73.110.213,04/11/2023
885,Conny,Libreros,clibrerosok@intel.com,Male,8.206.142.250,02/26/2023
886,Nobie,Clewlowe,nclewloweol@instagram.com,Male,44.125.108.187,07/07/2022
887,Terri-jo,Folliss,tfollissom@hugedomains.com,Female,144.173.83.216,03/14/2023
888,Billi,Phelips,bphelipson@discovery.com,Female,244.74.75.141,10/30/2022
889,Zorina,Ternouth,zternouthoo@wikia.com,Female,250.131.26.74,05/06/2023
890,Nickolai,Clougher,nclougherop@cyberchimps.com,Male,133.68.173.15,02/20/2023
891,Valry,Joburn,vjoburnoq@indiegogo.com,Genderfluid,116.198.246.18,07/28/2022
892,Alyda,Lopes,alopesor@reference.com,Genderqueer,29.93.146.96,10/23/2022
893,Barbara,Toping,btopingos@godaddy.com,Female,53.20.96.236,01/16/2023
894,Rufe,Fairley,rfairleyot@meetup.com,Male,60.216.205.84,10/02/2022
895,Betta,Drain,bdrainou@wix.com,Female,77.118.23.0,04/08/2023
896,Boigie,Weller,bwellerov@dell.com,Male,73.141.35.89,01/07/2023
897,Celia,Lowthorpe,clowthorpeow@comsenz.com,Polygender,39.141.111.198,03/22/2023
898,Fae,Hugle,fhugleox@miitbeian.gov.cn,Female,86.217.83.45,07/03/2022
899,Lorrie,Ludlem,lludlemoy@miibeian.gov.cn,Female,216.197.147.91,04/07/2023
900,Rowan,Loveland,rlovelandoz@bloglovin.com,Male,53.3.4.137,03/05/2023
901,Wash,Mawd,wmawdp0@unesco.org,Male,46.244.34.25,08/18/2022
902,Benedicta,Ioannou,bioannoup1@lulu.com,Female,43.200.34.90,06/18/2022
903,Leia,Schubuser,lschubuserp2@sciencedirect.com,Female,157.237.178.54,04/24/2023
904,Nathalie,Furby,nfurbyp3@spotify.com,Female,130.159.54.91,10/11/2022
905,Kipp,Swann,kswannp4@webeden.co.uk,Female,3.81.226.101,12/02/2022
906,Sukey,Praill,spraillp5@va.gov,Female,54.110.108.232,05/10/2023
907,Cheston,Ibbeson,cibbesonp6@forbes.com,Bigender,243.10.172.77,07/10/2022
908,Rowney,Hulse,rhulsep7@wordpress.com,Male,49.240.0.60,03/26/2023
909,Baldwin,Hastelow,bhastelowp8@uol.com.br,Male,250.77.172.8,01/07/2023
910,Jarrod,Thorouggood,jthorouggoodp9@globo.com,Male,25.106.114.18,10/12/2022
911,Win,Houltham,whoulthampa@unc.edu,Male,14.204.21.100,06/12/2022
912,Nonah,Corpe,ncorpepb@nasa.gov,Female,199.31.16.112,11/11/2022
913,Farlie,Idell,fidellpc@tripadvisor.com,Male,105.114.41.211,01/07/2023
914,Ariela,Clingan,aclinganpd@walmart.com,Female,131.26.101.33,10/05/2022
915,Filberto,Rubberts,frubbertspe@etsy.com,Male,2.164.140.2,01/03/2023
916,Gregorius,Trippick,gtrippickpf@constantcontact.com,Male,31.35.99.145,12/09/2022
917,Vachel,Gohier,vgohierpg@booking.com,Male,232.79.22.86,01/03/2023
918,Flore,Geaveny,fgeavenyph@bloglovin.com,Female,243.11.207.127,09/22/2022
919,Brenden,Iamittii,biamittiipi@ihg.com,Male,208.141.73.221,04/04/2023
920,Salmon,Ledgeway,sledgewaypj@mlb.com,Male,199.126.116.253,05/10/2023
921,Marcelle,Hariot,mhariotpk@ustream.tv,Female,151.128.245.210,07/10/2022
922,Tiler,Giottini,tgiottinipl@skyrock.com,Genderfluid,212.95.157.128,04/02/2023
923,Mureil,Ballham,mballhampm@soundcloud.com,Female,40.137.161.214,04/11/2023
924,Aurel,Coggon,acoggonpn@usnews.com,Female,27.94.129.158,04/05/2023
925,Mack,Portis,mportispo@unesco.org,Male,137.243.188.175,09/11/2022
926,Berne,Joslow,bjoslowpp@google.fr,Polygender,70.172.201.37,01/05/2023
927,Sybila,Hackford,shackfordpq@prnewswire.com,Genderfluid,183.243.85.49,07/06/2022
928,Toiboid,Alen,talenpr@howstuffworks.com,Male,65.181.197.3,10/18/2022
929,Ilise,Scotchmur,iscotchmurps@hibu.com,Female,89.123.116.29,12/28/2022
930,Merill,Dightham,mdighthampt@reverbnation.com,Male,168.86.163.220,09/19/2022
931,Shelagh,Wixey,swixeypu@ucoz.com,Female,226.46.185.195,02/27/2023
932,Thorny,Gemlbett,tgemlbettpv@homestead.com,Male,254.188.50.173,02/23/2023
933,Ava,Garmey,agarmeypw@4shared.com,Female,86.70.114.37,05/28/2022
934,Anthea,Burnel,aburnelpx@symantec.com,Female,165.236.96.194,12/03/2022
935,Philly,Heinish,pheinishpy@joomla.org,Female,89.95.152.63,01/22/2023
936,Brenn,Horstead,bhorsteadpz@flickr.com,Female,154.233.68.85,08/19/2022
937,Leighton,Toller,ltollerq0@tripod.com,Male,82.110.206.9,09/03/2022
938,Bobbe,Hovenden,bhovendenq1@sourceforge.net,Female,154.237.39.144,03/24/2023
939,Ax,Kares,akaresq2@time.com,Male,237.82.227.186,08/09/2022
940,Ashlin,Kimblen,akimblenq3@issuu.com,Male,226.241.219.45,03/07/2023
941,Skye,Lown,slownq4@yellowpages.com,Male,208.52.187.37,02/20/2023
942,Myrwyn,Schreurs,mschreursq5@phpbb.com,Male,168.77.244.211,12/04/2022
943,Arte,Naseby,anasebyq6@nsw.gov.au,Male,87.11.205.57,06/19/2022
944,Gweneth,Constantine,gconstantineq7@clickbank.net,Female,60.125.191.58,08/08/2022
945,Burnard,Veque,bvequeq8@ox.ac.uk,Male,183.14.231.135,12/17/2022
946,Jameson,Elsley,jelsleyq9@woothemes.com,Male,29.159.166.93,11/13/2022
947,Annabella,Pelfer,apelferqa@php.net,Female,92.237.90.9,10/20/2022
948,Spencer,Jacob,sjacobqb@pbs.org,Male,86.15.10.85,07/09/2022
949,Rosette,Witz,rwitzqc@woothemes.com,Female,73.85.55.90,09/19/2022
950,Abner,Kemmey,akemmeyqd@illinois.edu,Male,245.132.251.218,09/11/2022
951,Rosa,Stark,rstarkqe@scribd.com,Female,50.140.61.38,01/17/2023
952,Jonell,Bartle,jbartleqf@cargocollective.com,Female,247.169.145.31,02/04/2023
953,Gerrard,Brunker,gbrunkerqg@tiny.cc,Male,223.240.24.69,01/24/2023
954,Jennilee,Willarton,jwillartonqh@aol.com,Genderqueer,54.41.66.107,03/20/2023
955,Quill,Lethbrig,qlethbrigqi@furl.net,Male,233.37.208.177,04/20/2023
956,Joellyn,Munn,jmunnqj@booking.com,Female,39.170.71.44,09/23/2022
957,Terrie,Kitchin,tkitchinqk@nytimes.com,Female,244.175.194.154,09/14/2022
958,Alard,Doncom,adoncomql@newsvine.com,Male,231.150.110.12,08/25/2022
959,Lisbeth,Ekell,lekellqm@rakuten.co.jp,Female,247.241.224.175,05/19/2022
960,Seth,Sinnett,ssinnettqn@technorati.com,Male,133.248.93.156,09/23/2022
961,Stan,Cheyney,scheyneyqo@bbc.co.uk,Male,231.213.28.250,05/04/2023
962,Marvin,Robjents,mrobjentsqp@bloglovin.com,Male,117.243.161.11,04/26/2023
963,Loleta,Josipovitz,ljosipovitzqq@naver.com,Female,103.179.26.108,02/13/2023
964,Orv,McLaughlin,omclaughlinqr@weather.com,Male,242.208.161.105,09/05/2022
965,Rakel,Sloy,rsloyqs@istockphoto.com,Female,113.204.101.35,01/20/2023
966,Farrand,Blincko,fblinckoqt@springer.com,Female,203.34.183.136,10/02/2022
967,Salli,Embery,semberyqu@squidoo.com,Female,41.4.21.2,06/05/2022
968,Karrah,Mac Geaney,kmacgeaneyqv@ycombinator.com,Female,113.1.56.154,10/27/2022
969,Ardene,Olin,aolinqw@army.mil,Female,91.12.144.107,06/05/2022
970,Miltie,MacCallion,mmaccallionqx@sakura.ne.jp,Male,94.50.227.245,01/16/2023
971,Annalise,Finby,afinbyqy@indiatimes.com,Female,11.66.121.43,03/17/2023
972,Pegeen,Wyvill,pwyvillqz@bloglovin.com,Female,112.18.60.187,07/26/2022
973,Heriberto,Clive,hcliver0@nba.com,Male,241.42.27.103,04/22/2023
974,Briney,Waleworke,bwaleworker1@chicagotribune.com,Female,219.53.107.76,11/03/2022
975,Laure,Waumsley,lwaumsleyr2@vkontakte.ru,Female,224.100.3.198,04/13/2023
976,Gabie,Sangwin,gsangwinr3@boston.com,Agender,19.164.232.122,08/08/2022
977,Brigida,Hamprecht,bhamprechtr4@house.gov,Female,55.61.175.193,10/18/2022
978,Bendicty,Teal,btealr5@umn.edu,Male,56.60.188.163,06/02/2022
979,Corella,Deetch,cdeetchr6@epa.gov,Non-binary,97.236.251.54,08/10/2022
980,Hillary,Barrand,hbarrandr7@vinaora.com,Male,233.223.232.8,03/21/2023
981,Bert,Troppmann,btroppmannr8@cpanel.net,Male,248.11.190.121,04/15/2023
982,Flinn,Aupol,faupolr9@prweb.com,Male,127.73.161.63,06/25/2022
983,Phillie,Rutt,pruttra@homestead.com,Female,151.4.133.229,09/11/2022
984,Biron,Lock,blockrb@upenn.edu,Male,148.121.193.203,12/19/2022
985,Brynn,Turn,bturnrc@biglobe.ne.jp,Female,112.95.234.197,08/10/2022
986,Eulalie,Girtin,egirtinrd@alexa.com,Polygender,174.205.122.155,02/26/2023
987,Yolanda,Orcas,yorcasre@hc360.com,Female,185.176.217.102,02/26/2023
988,Flossie,Pain,fpainrf@com.com,Female,140.29.38.99,07/29/2022
989,Melita,Royal,mroyalrg@cocolog-nifty.com,Female,163.86.243.189,12/30/2022
990,Rosemaria,Bennoe,rbennoerh@answers.com,Female,133.6.34.132,07/29/2022
991,Elysee,Destouche,edestoucheri@odnoklassniki.ru,Female,201.60.139.227,08/14/2022
992,Dotti,Bernardot,dbernardotrj@senate.gov,Female,219.64.96.169,09/27/2022
993,Berkley,Choake,bchoakerk@guardian.co.uk,Male,157.36.225.185,04/10/2023
994,Jilly,Druitt,jdruittrl@tamu.edu,Female,165.175.168.168,12/29/2022
995,Lorenza,Sebastian,lsebastianrm@forbes.com,Agender,207.229.65.95,05/04/2023
996,Melvyn,Milius,mmiliusrn@wired.com,Male,1.12.221.170,08/05/2022
997,Huntington,Frentz,hfrentzro@soundcloud.com,Male,239.157.228.166,10/12/2022
998,Nero,Yglesias,nyglesiasrp@seesaa.net,Male,58.52.64.230,04/27/2023
999,Thaddus,Whapple,twhapplerq@ibm.com,Male,164.151.67.234,04/09/2023
1000,Catharine,Simonetti,csimonettirr@columbia.edu,Female,147.93.106.213,10/11/2022
